file_name,class_hits,class_nums_total,function_hits,function_nums_total,variable_hits,variable_nums_total,string_hits,string_nums_total,comment_hits,comment_nums_total,docstring_hits,docstring_nums_total,trained_on
the_stack_python_script_92474.py,0.6666666666666666,3,1.0,2,0.7142857142857143,14,0.3333333333333333,9,0.3684210526315789,19,0.0,2,1
the_stack_python_script_17220.py,1.0,5,1.0,7,0.9375,16,0.5714285714285714,7,0.0,2,0.2,5,1
the_stack_python_script_1905.py,0.5,2,0.5555555555555556,9,0.8888888888888888,9,0.3333333333333333,3,0.0,0,1.0,4,0
the_stack_python_script_18049.py,1.0,1,1.0,15,0.8571428571428571,14,0.8571428571428571,7,0.0,1,0.46153846153846156,13,1
the_stack_python_script_16614.py,0.0,0,0.8,5,0.9,10,0.3888888888888889,18,0.0,3,0.0,1,1
the_stack_python_script_79725.py,0.75,4,0.5789473684210527,19,1.0,19,0.2777777777777778,18,0.35,20,0.0,1,1
the_stack_python_script_13442.py,1.0,2,0.0,0,1.0,13,0.16666666666666666,18,0.0,1,0.0,0,1
the_stack_python_script_17499.py,0.5,2,1.0,2,0.8571428571428571,7,0.0,14,0.0,1,0.0,0,0
the_stack_python_script_19013.py,1.0,2,0.4,10,0.8148148148148148,27,0.15789473684210525,19,0.47058823529411764,17,0.0,0,1
the_stack_python_script_18248.py,0.45454545454545453,11,0.6,10,1.0,2,0.0,1,0.0,1,0.0,0,1
the_stack_python_script_18789.py,0.0,0,0.0,0,0.75,8,0.5714285714285714,14,0.16666666666666666,6,0.0,0,1
the_stack_python_script_80290.py,0.75,4,0.6363636363636364,11,0.8888888888888888,18,0.4,5,0.07692307692307693,13,0.14285714285714285,7,1
the_stack_python_script_43097.py,0.0,0,0.0,0,1.0,3,0.5,2,0.0,0,0.0,0,0
the_stack_python_script_12129.py,0.0,0,0.8888888888888888,9,0.9444444444444444,36,0.5714285714285714,7,0.0,2,0.0,2,1
the_stack_python_script_7125.py,0.0,0,1.0,2,0.8333333333333334,6,0.0,0,0.0,1,0.0,0,1
the_stack_python_script_13408.py,1.0,1,1.0,8,0.9230769230769231,26,0.2222222222222222,18,0.0,15,0.0,0,1
the_stack_python_script_79947.py,0.0,0,0.0,0,1.0,3,0.0,3,0.0,0,0.0,0,0
the_stack_python_script_14022.py,1.0,1,0.0,2,1.0,9,0.46153846153846156,13,0.16666666666666666,6,0.0,1,1
the_stack_python_script_1743.py,0.0,0,0.5,2,1.0,7,0.7142857142857143,7,0.0,3,0.0,0,1
the_stack_python_script_10209.py,0.0,0,1.0,6,0.675,40,0.125,16,0.0,6,0.0,1,1
the_stack_python_script_10507.py,0.5,2,1.0,2,1.0,3,0.2857142857142857,7,0.5,18,0.0,2,1
the_stack_python_script_92266.py,0.5,2,0.5,4,0.75,4,0.0,0,0.0,0,0.0,0,0
the_stack_python_script_32077.py,1.0,2,0.6428571428571429,14,0.9444444444444444,18,0.0,1,0.16666666666666666,6,0.0,2,1
the_stack_python_script_1378.py,0.0,0,0.0,0,0.75,12,0.2857142857142857,14,0.2857142857142857,28,0.0,0,1
the_stack_python_script_92671.py,0.5,2,0.4166666666666667,12,0.8333333333333334,6,0.3333333333333333,12,0.0,1,1.0,2,1
the_stack_python_script_17245.py,0.0,0,0.0,0,1.0,2,0.5,4,0.5,4,0.0,0,1
the_stack_python_script_1037.py,1.0,2,0.0,0,0.9444444444444444,18,0.4411764705882353,34,0.5,2,0.0,1,1
the_stack_python_script_42945.py,0.0,0,0.5,2,0.7777777777777778,18,0.3333333333333333,12,0.0,1,0.0,0,1
the_stack_python_script_14619.py,1.0,2,1.0,2,0.5,2,0.0,1,0.0,0,1.0,1,1
the_stack_python_script_79916.py,0.0,0,0.3076923076923077,13,0.8823529411764706,34,0.5714285714285714,14,0.2222222222222222,9,0.0,0,1
the_stack_python_script_8620.py,0.625,8,1.0,6,0.6,15,0.4375,16,0.0,1,0.0,0,1
the_stack_python_script_12439.py,0.0,0,0.0,0,0.0,0,0.0,0,0.0,0,0.0,1,1
the_stack_python_script_86749.py,0.0,0,1.0,2,0.8333333333333334,6,0.3333333333333333,3,0.25,4,0.0,0,1
the_stack_python_script_32164.py,0.0,0,0.75,8,0.8,5,0.2,5,0.0,2,0.0,0,1
the_stack_python_script_10735.py,1.0,1,1.0,2,1.0,1,0.0,1,0.0,4,0.0,0,1
the_stack_python_script_79655.py,0.0,0,0.16666666666666666,6,1.0,4,0.8,5,0.0,5,0.0,0,1
the_stack_python_script_18583.py,0.3333333333333333,6,0.8888888888888888,9,0.8,10,0.14285714285714285,7,0.0,6,0.0,0,1
the_stack_python_script_14072.py,0.5555555555555556,9,0.3333333333333333,3,1.0,2,0.0,0,0.058823529411764705,17,0.0,0,1
the_stack_python_script_11809.py,0.5,2,1.0,4,0.75,20,0.56,25,0.0,2,0.0,1,1
the_stack_python_script_86911.py,0.0,0,0.375,8,0.8823529411764706,17,0.35714285714285715,28,0.0,3,0.0,7,1
the_stack_python_script_92945.py,0.0,0,0.9285714285714286,14,0.96,25,0.29411764705882354,34,0.0,7,0.1111111111111111,9,1
the_stack_python_script_14061.py,1.0,2,0.5,4,0.3333333333333333,3,1.0,1,0.5,2,0.0,0,1
the_stack_python_script_14365.py,0.0,0,0.0,0,0.7857142857142857,14,0.3333333333333333,15,0.0,3,0.0,1,1
the_stack_python_script_14577.py,0.0,0,0.5,2,0.8333333333333334,6,0.0,9,0.0,2,0.0,1,1
the_stack_python_script_12501.py,0.0,0,0.5263157894736842,19,1.0,9,0.375,8,0.0,3,0.0,0,1
the_stack_python_script_80337.py,0.5,2,0.7142857142857143,7,0.9444444444444444,18,0.16666666666666666,6,0.0,4,0.0,0,1
the_stack_python_script_12664.py,0.4,5,0.6666666666666666,12,0.9523809523809523,21,0.3076923076923077,13,0.12195121951219512,41,0.0,0,1
the_stack_python_script_19079.py,0.5,2,0.4,5,1.0,9,0.23076923076923078,13,0.0,3,0.0,5,1
the_stack_python_script_79604.py,0.0,0,0.0,0,1.0,2,0.0,5,0.0,0,0.0,0,0
the_stack_python_script_87048.py,1.0,2,1.0,2,1.0,11,0.36363636363636365,11,0.0,0,0.0,0,0
the_stack_python_script_11417.py,1.0,1,0.6666666666666666,21,0.8888888888888888,9,0.25,28,0.0,8,0.0,0,1
the_stack_python_script_17617.py,0.0,0,0.0,0,1.0,1,1.0,2,0.0,0,0.0,1,1
the_stack_python_script_16754.py,0.0,2,0.0,0,0.0,0,0.0,0,0.0,0,0.0,0,0
the_stack_python_script_80509.py,0.25,4,0.75,4,1.0,18,0.0,3,0.3333333333333333,3,0.5,2,1
the_stack_python_script_10156.py,0.0,0,0.0,0,0.23076923076923078,13,0.16666666666666666,12,0.0,3,0.0,1,1
the_stack_python_script_15910.py,0.5,2,0.8888888888888888,9,0.7692307692307693,26,0.07142857142857142,14,0.0,12,0.0,4,1
the_stack_python_script_92576.py,0.75,4,1.0,13,0.9,10,0.5,6,1.0,1,0.6153846153846154,13,1
the_stack_python_script_16695.py,0.5,2,0.8461538461538461,13,1.0,8,0.38461538461538464,13,0.0,0,0.0,0,0
the_stack_python_script_12442.py,0.0,2,1.0,4,0.8947368421052632,19,1.0,1,0.0,1,0.0,1,1
the_stack_python_script_47853.py,0.0,0,0.8333333333333334,12,0.9090909090909091,11,0.38461538461538464,13,0.0,18,0.0,2,1
the_stack_python_script_11236.py,0.5,2,0.7142857142857143,7,0.8461538461538461,13,0.6666666666666666,6,0.0,0,0.0,0,0
the_stack_python_script_14138.py,0.0,1,1.0,5,0.8,5,0.0,3,0.0,0,0.0,0,0
the_stack_python_script_192.py,0.0,0,0.0,0,0.0,0,0.0,0,0.0,0,0.0,1,1
the_stack_python_script_1102.py,0.5,2,0.5,4,0.6666666666666666,6,0.4,5,0.5,2,0.0,0,1
the_stack_python_script_18728.py,0.0,0,0.6666666666666666,3,0.9444444444444444,18,0.5,12,0.6363636363636364,11,0.0,0,1
the_stack_python_script_14087.py,0.0,0,1.0,5,1.0,2,0.5,4,0.0,1,0.0,1,1
the_stack_python_script_18618.py,0.75,4,0.0,2,1.0,1,0.5,2,0.0,3,0.0,2,1
the_stack_python_script_12263.py,0.0,0,1.0,4,0.8,15,0.6363636363636364,11,0.0,1,0.0,0,1
the_stack_python_script_92903.py,0.0,0,0.0,0,1.0,6,0.4,5,0.0,1,0.0,0,1
the_stack_python_script_11213.py,0.0,0,0.75,4,1.0,11,0.3333333333333333,6,0.16666666666666666,6,0.0,0,1
the_stack_python_script_10936.py,0.0,1,0.0,0,0.875,8,0.16666666666666666,6,0.2,10,0.0,1,1
the_stack_python_script_32180.py,1.0,3,0.5555555555555556,9,0.9285714285714286,14,0.2222222222222222,9,0.0,10,0.0,0,1
the_stack_python_script_10907.py,0.0,0,1.0,4,0.75,4,0.5,2,0.0,0,0.0,1,1
the_stack_python_script_10808.py,0.0,0,0.0,0,0.0,0,0.0,0,0.0,0,0.0,3,1
the_stack_python_script_47825.py,0.0,0,1.0,3,0.2,5,0.0,0,0.0,1,0.0,0,1
the_stack_python_script_11468.py,0.0,0,0.0,0,0.6666666666666666,3,1.0,1,0.0,0,0.0,0,0
the_stack_python_script_15816.py,0.0,0,0.7142857142857143,7,0.75,12,0.4117647058823529,17,0.0,2,0.0,0,1
the_stack_python_script_92957.py,1.0,2,0.5,2,1.0,2,0.25,8,0.0,4,0.0,1,1
the_stack_python_script_10485.py,0.0,0,0.0,2,0.9047619047619048,21,0.46153846153846156,26,0.0,5,0.0,0,1
the_stack_python_script_86957.py,0.0,0,0.5714285714285714,7,1.0,3,0.0,7,0.0,8,0.0,0,1
the_stack_python_script_12914.py,0.5,12,0.6,5,1.0,11,0.2727272727272727,11,0.0,0,0.0,0,0
the_stack_python_script_11493.py,0.0,0,0.6,5,1.0,3,0.0,2,0.0,0,0.0,0,0
the_stack_python_script_80486.py,0.0,0,0.0,0,0.75,4,0.0,0,0.0,0,0.0,0,0
the_stack_python_script_16649.py,0.5,2,0.75,4,0.6,5,0.4,5,0.6666666666666666,18,0.0,0,1
the_stack_python_script_8040.py,0.7333333333333333,15,0.8333333333333334,12,0.8888888888888888,27,0.40540540540540543,37,0.0,3,0.0,0,1
the_stack_python_script_25128.py,0.0,0,0.0,0,1.0,4,0.5,4,0.0,6,0.0,0,1
the_stack_python_script_71634.py,1.0,2,0.75,4,1.0,2,1.0,1,0.0,0,0.0,2,1
the_stack_python_script_92496.py,0.0,0,0.0,0,1.0,1,0.5,2,0.0,1,0.0,0,1
the_stack_python_script_17069.py,0.0,0,0.0,0,1.0,1,0.0,1,0.4,5,0.0,1,1
the_stack_python_script_86276.py,1.0,2,0.0,0,1.0,7,0.2,5,0.0,1,0.0,0,1
the_stack_python_script_92517.py,0.0,0,0.0,0,0.0,0,0.0,0,0.0,1,0.0,0,1
the_stack_python_script_10607.py,0.0,0,0.0,0,0.0,1,1.0,3,0.46153846153846156,13,0.0,1,1
the_stack_python_script_79836.py,1.0,3,0.75,8,0.8571428571428571,14,0.23809523809523808,21,0.0,12,0.0,3,1
the_stack_python_script_16034.py,0.875,8,1.0,4,0.8333333333333334,18,0.0,7,0.0,0,0.0,0,0
the_stack_python_script_9263.py,1.0,2,0.0,0,1.0,2,0.5,2,0.0,0,0.0,1,1
the_stack_python_script_178.py,0.0,0,1.0,1,0.8666666666666667,15,0.38095238095238093,21,0.0,1,0.0,1,1
the_stack_python_script_10162.py,1.0,3,1.0,4,1.0,1,0.0,0,0.0,0,0.0,0,0
the_stack_python_script_3087.py,0.0,0,0.0,0,1.0,10,0.3333333333333333,12,0.14285714285714285,7,0.0,0,1
the_stack_python_script_47768.py,1.0,1,0.6428571428571429,14,0.9487179487179487,39,0.21428571428571427,14,0.0,2,0.0,0,1
the_stack_python_script_42877.py,0.0,0,0.5,2,0.75,4,0.0,9,0.0,13,0.0,2,1
the_stack_python_script_16910.py,0.0,0,1.0,2,0.5,2,0.4444444444444444,36,0.0,5,0.0,0,1
the_stack_python_script_17976.py,0.0,0,1.0,4,0.7619047619047619,21,0.42105263157894735,19,0.14285714285714285,7,0.0,0,1
the_stack_python_script_80306.py,0.75,4,0.8,10,0.9230769230769231,26,0.3448275862068966,29,0.0,10,0.0,0,1
the_stack_python_script_14553.py,0.0,0,0.75,8,1.0,34,0.2857142857142857,14,0.0,9,0.0,0,1
the_stack_python_script_11259.py,0.75,4,0.5,4,1.0,2,0.2,5,0.0,0,0.5,2,1
the_stack_python_script_10589.py,0.0,1,0.5714285714285714,14,0.56,25,0.06060606060606061,66,0.0,30,0.0,0,1
the_stack_python_script_71610.py,0.5,2,0.8461538461538461,13,0.875,8,0.6666666666666666,6,0.0,0,0.0,0,0
the_stack_python_script_16982.py,0.0,0,1.0,2,0.9333333333333333,30,0.37037037037037035,27,0.0,8,0.0,0,1
the_stack_python_script_13255.py,0.5,2,0.8,5,0.8333333333333334,6,0.0,1,0.0,2,0.0,0,1
the_stack_python_script_14202.py,1.0,2,0.5454545454545454,11,1.0,8,0.0,13,0.1,10,0.2,5,1
the_stack_python_script_11409.py,1.0,4,1.0,2,0.8571428571428571,14,0.42105263157894735,19,0.0,0,0.0,0,0
the_stack_python_script_12655.py,1.0,4,1.0,17,0.8666666666666667,15,0.6363636363636364,11,0.3333333333333333,3,0.4117647058823529,17,1
the_stack_python_script_87036.py,0.75,4,1.0,1,0.8,10,0.75,4,0.0,3,0.0,3,1
the_stack_python_script_15419.py,0.0,0,0.0,0,0.875,8,0.0,5,0.0,3,0.0,0,1
the_stack_python_script_16957.py,0.0,0,1.0,2,0.75,4,0.42857142857142855,14,0.6666666666666666,3,0.0,1,1
the_stack_python_script_86500.py,1.0,1,0.75,8,0.9090909090909091,11,0.43478260869565216,23,0.0,17,0.0,1,1
the_stack_python_script_1176.py,0.0,0,1.0,1,0.6,5,0.36363636363636365,11,0.0,0,0.0,0,0
the_stack_python_script_12558.py,1.0,2,0.6666666666666666,6,1.0,1,0.0,0,0.5,2,0.0,0,1
the_stack_python_script_8018.py,0.5,2,1.0,2,1.0,8,0.08,25,0.0,1,0.0,0,1
the_stack_python_script_15244.py,0.0,0,0.5238095238095238,21,1.0,8,0.3,10,0.0,0,0.0,0,0
the_stack_python_script_16652.py,1.0,1,1.0,2,0.8518518518518519,27,0.07692307692307693,13,0.0,1,0.0,3,1
the_stack_python_script_1703.py,0.0,0,0.5,2,1.0,9,0.3157894736842105,19,0.125,8,0.0,1,1
the_stack_python_script_15711.py,1.0,2,1.0,11,1.0,14,0.5882352941176471,17,0.0,2,0.0,0,1
the_stack_python_script_11280.py,0.0,0,0.8571428571428571,7,0.75,8,0.3333333333333333,12,0.0,3,0.0,4,1
the_stack_python_script_10737.py,1.0,2,1.0,11,0.9090909090909091,11,1.0,6,0.0,1,0.4444444444444444,9,1
the_stack_python_script_16339.py,1.0,1,1.0,4,1.0,2,0.5,2,0.0,6,0.0,0,1
the_stack_python_script_16494.py,0.0,0,0.0,0,0.0,0,0.0,0,0.0,0,0.0,2,1
the_stack_python_script_17342.py,0.0,0,0.0,0,1.0,7,0.2,15,0.0,9,1.0,1,1
the_stack_python_script_17870.py,0.5,2,0.7777777777777778,9,0.75,4,0.5,12,0.0,6,0.0,0,1
the_stack_python_script_15663.py,0.0,2,0.75,4,0.8333333333333334,6,0.2,5,0.0,0,0.0,0,1
the_stack_python_script_17138.py,0.0,0,0.125,8,1.0,5,0.5,2,0.0,2,0.0,0,1
the_stack_python_script_13118.py,1.0,2,0.5,4,1.0,2,0.5,2,0.0,1,0.0,3,1
the_stack_python_script_14510.py,0.0,0,0.0,0,0.0,0,0.0,0,0.0,0,0.0,1,1
the_stack_python_script_10230.py,0.0,2,1.0,3,1.0,3,1.0,1,1.0,1,0.0,0,1
the_stack_python_script_86831.py,0.0,1,0.75,4,0.8461538461538461,13,0.25,16,0.0,0,0.0,0,1
the_stack_python_script_8030.py,0.0,0,0.4444444444444444,9,0.88,25,1.0,1,0.5,8,0.0,0,1
the_stack_python_script_80383.py,0.0,0,0.0,0,1.0,5,0.4,5,0.0,1,0.0,0,1
the_stack_python_script_92238.py,0.0,0,0.0,0,0.38461538461538464,13,0.125,8,0.0,2,0.0,0,1
the_stack_python_script_12574.py,1.0,2,0.875,8,1.0,12,0.3333333333333333,3,0.0,5,0.0,0,1
the_stack_python_script_11956.py,1.0,3,0.6666666666666666,9,0.75,8,0.6666666666666666,3,0.2857142857142857,7,0.0,1,1
the_stack_python_script_17628.py,0.0,0,0.9,10,0.9285714285714286,14,0.0,0,0.0,0,0.0,0,1
the_stack_python_script_47982.py,0.0,0,1.0,2,1.0,4,0.25,24,0.0,1,0.0,0,1
the_stack_python_script_18660.py,0.0,0,1.0,2,0.85,20,0.2,10,0.0,6,0.0,0,1
the_stack_python_script_9288.py,0.75,4,0.5714285714285714,7,0.8235294117647058,17,0.6,10,0.0,3,0.0,3,1
the_stack_python_script_18396.py,0.0,0,0.625,16,0.6923076923076923,13,0.0,1,0.0,0,0.0,0,0
the_stack_python_script_12950.py,0.0,0,0.0,0,1.0,1,0.0,4,0.0,4,0.0,0,1
the_stack_python_script_17308.py,0.5,2,0.5,2,0.6666666666666666,6,0.0,4,0.0,11,0.0,0,1
the_stack_python_script_11700.py,0.0,0,1.0,2,1.0,4,0.16666666666666666,12,0.0,2,0.0,1,1
the_stack_python_script_86731.py,0.0,0,0.6666666666666666,6,1.0,9,0.3333333333333333,9,0.0,2,0.6666666666666666,3,1
the_stack_python_script_1151.py,1.0,4,0.9333333333333333,15,0.8571428571428571,14,0.36363636363636365,11,0.6666666666666666,3,0.4,15,1
the_stack_python_script_19080.py,0.4,5,0.0,0,0.75,4,1.0,1,0.0,0,0.0,0,0
the_stack_python_script_11132.py,0.5,4,0.5,2,0.875,8,0.36363636363636365,11,0.0,0,0.5,2,1
the_stack_python_script_18468.py,0.0,0,0.5,2,1.0,6,0.6666666666666666,6,0.5,2,0.5,2,1
the_stack_python_script_15532.py,0.0,0,0.6666666666666666,6,1.0,4,0.5,6,0.0,0,0.0,0,0
the_stack_python_script_1388.py,0.0,0,0.0,0,1.0,1,0.5,2,0.0,0,0.0,1,1
the_stack_python_script_92205.py,0.0,0,0.0,0,1.0,1,0.6,15,0.0,1,0.0,0,1
the_stack_python_script_11099.py,1.0,2,1.0,8,0.9090909090909091,11,0.0,2,0.0,1,0.0,0,1
the_stack_python_script_80283.py,1.0,1,0.5,2,1.0,4,1.0,1,0.0,0,0.0,0,0
the_stack_python_script_86661.py,0.5,2,0.5,2,0.0,1,0.0,1,0.0,0,0.0,1,1
the_stack_python_script_18482.py,0.0,0,1.0,2,1.0,8,0.2,10,0.0,2,0.0,1,1
the_stack_python_script_16357.py,0.0,0,0.6666666666666666,6,0.8666666666666667,15,0.2857142857142857,7,0.1,10,1.0,1,1
the_stack_python_script_12620.py,0.5,2,0.2,5,0.9230769230769231,26,0.9444444444444444,18,0.5416666666666666,24,0.0,0,1
the_stack_python_script_18589.py,0.0,1,0.5,4,1.0,4,1.0,1,1.0,1,0.0,2,1
the_stack_python_script_92407.py,0.5,2,0.72,25,0.7619047619047619,21,0.25,4,0.25,24,0.0,1,1
the_stack_python_script_80057.py,0.0,0,0.0,0,1.0,1,0.1111111111111111,9,0.0,0,0.0,0,0
the_stack_python_script_19216.py,0.0,0,0.0,0,1.0,5,0.6,5,0.0,0,0.0,0,0
the_stack_python_script_79904.py,0.0,0,0.75,4,1.0,21,0.2857142857142857,7,0.3333333333333333,3,0.0,3,1
the_stack_python_script_16822.py,0.0,0,0.625,8,0.9444444444444444,18,0.5384615384615384,13,0.0,4,0.0,0,1
the_stack_python_script_40460.py,0.0,0,0.0,3,1.0,10,0.0,3,0.0,2,0.0,0,1
the_stack_python_script_13763.py,0.0,0,1.0,3,1.0,15,0.2,5,0.0,9,0.0,0,1
the_stack_python_script_86899.py,1.0,2,1.0,4,1.0,2,0.5,2,0.3333333333333333,3,0.3333333333333333,3,1
the_stack_python_script_79550.py,1.0,2,0.6666666666666666,6,0.5555555555555556,18,0.16666666666666666,6,0.0,2,0.0,1,1
the_stack_python_script_92698.py,0.0,0,0.0,0,0.8571428571428571,35,0.13636363636363635,44,0.06666666666666667,15,0.0,0,1
the_stack_python_script_17888.py,0.5,2,0.75,8,0.9090909090909091,11,0.36363636363636365,11,0.0,4,0.0,1,1
the_stack_python_script_9277.py,0.0,0,0.0,0,1.0,3,0.2,5,0.0,0,0.0,0,1
the_stack_python_script_92955.py,0.3333333333333333,3,0.4444444444444444,9,0.7,10,0.5,16,0.0,6,0.0,1,1
the_stack_python_script_86315.py,0.5,2,1.0,13,0.896551724137931,29,0.38095238095238093,21,0.15384615384615385,13,0.0,0,1
the_stack_python_script_87060.py,0.0,0,1.0,7,1.0,16,0.21428571428571427,28,0.0,1,0.0,0,1
the_stack_python_script_17897.py,1.0,2,0.5,8,1.0,4,0.25,4,0.0,3,0.0,0,1
the_stack_python_script_17538.py,0.0,2,0.6363636363636364,11,0.9615384615384616,26,0.45454545454545453,11,0.0,1,0.0,1,1
the_stack_python_script_16661.py,0.0,0,0.8,10,0.8846153846153846,26,0.5,4,0.0,0,0.0,0,0
the_stack_python_script_15408.py,1.0,2,1.0,2,0.5,4,0.4,5,0.0,0,0.0,1,1
the_stack_python_script_10744.py,0.0,0,0.0,0,0.0,0,0.0,0,0.0,0,0.0,1,1
the_stack_python_script_1059.py,0.0,1,0.25,4,1.0,6,0.3333333333333333,6,0.0,0,0.0,0,0
the_stack_python_script_79414.py,0.5,2,0.5,2,0.0,0,0.0,1,0.0,0,0.0,0,0
the_stack_python_script_13479.py,1.0,3,1.0,7,1.0,8,0.5714285714285714,7,0.0,1,0.0,4,1
the_stack_python_script_30862.py,1.0,2,0.6666666666666666,3,1.0,4,0.25,4,0.0,0,0.0,0,0
the_stack_python_script_92917.py,1.0,2,0.6842105263157895,19,0.6111111111111112,18,0.0,1,0.0,2,0.0,1,1
the_stack_python_script_8653.py,1.0,2,0.0,0,1.0,5,0.0,4,1.0,1,0.0,0,1
the_stack_python_script_87001.py,0.6666666666666666,3,0.75,4,1.0,11,0.0,1,0.2,10,0.0,0,1
the_stack_python_script_1116.py,0.5,2,0.4,5,0.75,4,0.0,2,0.0,0,0.0,0,0
the_stack_python_script_13897.py,0.0,0,1.0,7,1.0,17,0.13636363636363635,22,0.5789473684210527,19,0.0,0,1
the_stack_python_script_17927.py,0.0,0,0.0,0,1.0,8,0.3333333333333333,12,0.16666666666666666,18,0.0,1,1
the_stack_python_script_18575.py,0.0,0,1.0,4,0.7,20,0.23076923076923078,13,0.14285714285714285,7,0.0,0,1
the_stack_python_script_1410.py,0.75,4,0.6428571428571429,14,0.9565217391304348,23,0.375,24,0.23529411764705882,34,0.0,0,1
the_stack_python_script_92581.py,0.0,0,0.6,5,0.8695652173913043,23,0.2,10,0.125,8,0.0,4,1
the_stack_python_script_12511.py,0.0,0,0.5,2,1.0,1,0.0,1,0.0,0,0.0,1,0
the_stack_python_script_92119.py,0.0,0,0.9,10,1.0,4,0.8,5,0.5833333333333334,12,0.0,0,1
the_stack_python_script_86734.py,0.0,0,0.75,4,1.0,6,0.5217391304347826,23,0.16666666666666666,6,0.0,0,1
the_stack_python_script_18829.py,0.0,1,0.75,4,0.8888888888888888,9,0.3333333333333333,6,0.0,0,0.0,0,0
the_stack_python_script_11589.py,0.0,0,0.0,0,0.8571428571428571,7,0.0,7,0.0,0,0.0,0,0
the_stack_python_script_18319.py,1.0,2,0.0,0,1.0,1,0.0,1,0.0,0,0.0,0,0
the_stack_python_script_1337.py,0.0,2,0.5,2,1.0,5,0.3,10,0.45454545454545453,11,0.0,3,1
the_stack_python_script_20734.py,1.0,2,0.9047619047619048,21,0.96875,32,0.5,8,0.21428571428571427,14,0.0,0,1
the_stack_python_script_14870.py,0.0,0,0.0,0,0.8333333333333334,6,0.0,6,0.0,1,0.0,1,1
the_stack_python_script_7998.py,0.0,0,0.5,2,1.0,1,0.0,3,0.4,5,0.0,0,1
the_stack_python_script_12616.py,0.9166666666666666,12,0.6666666666666666,3,1.0,5,0.6538461538461539,26,0.2647058823529412,34,0.0,0,1
the_stack_python_script_15615.py,0.0,0,0.0,0,0.0,0,0.0,2,0.0,0,0.0,1,0
the_stack_python_script_15293.py,0.0,0,0.5,4,1.0,7,0.16666666666666666,6,0.0,2,0.0,3,1
the_stack_python_script_14966.py,0.0,0,0.0,0,1.0,1,1.0,2,0.0,0,0.0,1,1
the_stack_python_script_12715.py,0.0,0,0.5,8,1.0,13,0.2777777777777778,18,0.0,13,0.0,1,1
the_stack_python_script_16468.py,0.0,0,0.7916666666666666,24,1.0,30,0.3333333333333333,6,0.0,0,0.0,0,1
the_stack_python_script_10551.py,1.0,4,0.0,0,1.0,6,1.0,3,0.0,0,0.0,0,0
the_stack_python_script_11970.py,0.0,0,0.0,1,1.0,3,0.6666666666666666,3,0.375,24,0.0,0,1
the_stack_python_script_17418.py,0.6666666666666666,3,0.8,5,0.8235294117647058,17,0.0,3,0.0,0,0.0,0,0
the_stack_python_script_16630.py,1.0,2,0.7692307692307693,13,0.85,20,0.5,8,0.0,6,0.0,0,1
the_stack_python_script_92344.py,0.0,0,0.0,0,0.5,2,0.75,4,1.0,1,0.0,1,1
the_stack_python_script_14134.py,0.0,0,0.0,0,1.0,2,0.0,4,0.0,0,0.0,1,1
the_stack_python_script_10084.py,0.8333333333333334,6,0.8333333333333334,6,1.0,6,1.0,2,0.0,0,0.0,0,0
the_stack_python_script_92325.py,0.0,0,0.5,4,0.7777777777777778,9,0.6,5,0.0,0,0.0,0,0
the_stack_python_script_12438.py,0.0,0,0.5,2,0.8181818181818182,11,0.45454545454545453,11,0.21621621621621623,37,0.0,0,1
the_stack_python_script_15762.py,0.5,2,0.25,4,0.5555555555555556,9,0.16666666666666666,30,0.0,8,0.0,1,1
the_stack_python_script_13134.py,1.0,1,0.6666666666666666,6,1.0,9,0.7142857142857143,7,1.0,1,0.2,5,1
the_stack_python_script_7971.py,1.0,2,1.0,4,1.0,2,1.0,2,0.5,4,0.0,3,1
the_stack_python_script_1108.py,0.0,0,0.5,4,1.0,2,0.0,3,0.0,1,0.0,1,1
the_stack_python_script_19144.py,0.0,0,0.0,0,0.8,10,0.25,4,0.0,1,0.0,1,1
the_stack_python_script_15443.py,0.5,2,0.9333333333333333,15,0.6666666666666666,3,0.0,1,0.0,0,0.0,0,0
the_stack_python_script_86360.py,0.0,0,1.0,1,0.9285714285714286,14,0.0,3,0.0,4,0.0,0,1
the_stack_python_script_79898.py,0.6666666666666666,3,0.75,4,1.0,6,0.8333333333333334,6,0.0,0,0.0,0,0
the_stack_python_script_12901.py,0.0,0,0.0,0,1.0,5,0.25,12,0.0,3,0.0,0,1
the_stack_python_script_71571.py,1.0,2,0.5,2,0.75,4,0.2,5,0.0,3,0.0,0,1
the_stack_python_script_16393.py,1.0,3,1.0,7,1.0,5,0.4,5,0.0,4,0.5,2,1
the_stack_python_script_80307.py,0.0,0,1.0,4,1.0,3,0.0,0,0.0,1,0.0,0,1
the_stack_python_script_1487.py,0.0,0,0.0,6,0.8571428571428571,7,0.0,5,0.0,3,0.0,0,1
the_stack_python_script_15641.py,0.0,0,0.0,0,1.0,3,0.0,1,0.0,0,0.0,0,0
the_stack_python_script_17378.py,0.0,0,0.7142857142857143,7,1.0,10,0.2,5,0.125,8,0.2,5,1
the_stack_python_script_11888.py,0.75,4,0.8636363636363636,22,1.0,4,0.6666666666666666,12,0.35294117647058826,17,0.6428571428571429,14,1
the_stack_python_script_12505.py,0.0,0,1.0,3,0.96,50,0.25,16,0.0,3,0.0,0,1
the_stack_python_script_19071.py,0.0,0,0.7,10,1.0,21,0.5625,16,0.0,1,0.0,1,1
the_stack_python_script_92862.py,0.75,4,0.375,8,1.0,8,0.0,5,0.0,4,0.0,4,1
the_stack_python_script_1470.py,1.0,1,0.5833333333333334,12,1.0,24,0.375,8,0.0,18,0.0,0,1
the_stack_python_script_13090.py,0.0,0,0.0,0,0.6666666666666666,12,0.2,5,0.0,0,0.0,0,0
the_stack_python_script_92757.py,0.0,0,1.0,2,0.8333333333333334,12,0.2777777777777778,18,0.4,25,0.0,0,1
the_stack_python_script_92648.py,0.0,0,0.0,0,1.0,1,0.0,1,0.0,3,0.0,0,1
the_stack_python_script_18491.py,0.0,0,0.0,0,1.0,9,0.3333333333333333,12,0.0,0,0.0,0,0
the_stack_python_script_16356.py,0.0,0,0.0,0,1.0,1,0.5,4,0.0,3,0.0,0,1
the_stack_python_script_17810.py,0.0,0,0.6470588235294118,17,1.0,5,0.27450980392156865,51,1.0,1,0.0,0,1
the_stack_python_script_14933.py,0.0,0,0.5,2,1.0,4,0.0,0,0.0,2,0.0,0,1
the_stack_python_script_87128.py,0.0,0,0.0,0,0.16666666666666666,6,0.0,3,0.0,3,0.0,0,1
the_stack_python_script_17511.py,0.0,0,0.0,0,0.8,10,0.5,6,0.0,6,0.0,1,1
the_stack_python_script_12542.py,0.0,0,0.5,2,1.0,5,0.09523809523809523,21,0.0,2,0.0,2,1
the_stack_python_script_80272.py,1.0,4,0.6,10,0.8571428571428571,7,0.3448275862068966,29,0.43478260869565216,23,0.0,2,1
the_stack_python_script_92697.py,0.5,2,0.6,5,0.5882352941176471,17,0.08571428571428572,35,0.3333333333333333,6,0.0,1,1
the_stack_python_script_18271.py,0.0,0,0.5,2,1.0,7,0.7,10,1.0,3,0.0,1,1
the_stack_python_script_86448.py,0.0,0,0.3333333333333333,6,0.8823529411764706,17,0.4,10,0.0,1,0.0,4,1
the_stack_python_script_10168.py,0.0,0,0.8,5,0.0,0,1.0,3,0.0,0,0.0,2,1
the_stack_python_script_10755.py,0.0,0,1.0,9,0.9259259259259259,27,0.35,20,0.0,1,0.0,0,0
the_stack_python_script_92132.py,0.0,0,0.0,0,0.0,0,0.0,0,0.0,2,0.0,0,0
the_stack_python_script_1084.py,0.0,0,1.0,3,1.0,5,1.0,1,0.0,11,0.0,0,1
the_stack_python_script_79812.py,0.8,5,0.0,0,0.0,1,0.0,1,0.0,0,0.0,0,0
the_stack_python_script_10745.py,0.0,0,0.0,0,0.8947368421052632,19,0.2,10,0.0,6,0.0,0,1
the_stack_python_script_18312.py,0.0,0,0.4,10,0.9444444444444444,18,0.125,8,0.0,9,0.0,0,1
the_stack_python_script_15943.py,0.0,0,0.0,0,0.9090909090909091,11,0.4,20,0.38095238095238093,21,0.0,1,1
the_stack_python_script_86488.py,0.0,0,1.0,1,1.0,9,0.6,5,0.0,1,0.0,0,1
the_stack_python_script_71504.py,0.0,0,0.0,0,0.6875,16,0.2857142857142857,14,0.5,4,0.0,0,1
the_stack_python_script_14029.py,0.0,0,0.5,2,0.7777777777777778,9,0.42857142857142855,7,0.0,0,0.0,0,0
the_stack_python_script_92813.py,0.0,0,1.0,1,1.0,5,0.3333333333333333,6,0.14285714285714285,7,0.0,1,1
the_stack_python_script_86264.py,1.0,2,0.0,0,0.9,10,0.4117647058823529,17,1.0,1,0.0,0,1
the_stack_python_script_17843.py,0.0,2,0.5,6,0.75,40,0.0,1,0.0,13,0.0,0,1
the_stack_python_script_42988.py,0.0,0,1.0,3,0.8571428571428571,7,0.0,5,0.0,14,0.0,0,1
the_stack_python_script_79993.py,0.0,0,0.5,4,0.9333333333333333,15,0.23529411764705882,17,0.08333333333333333,12,0.0,1,1
the_stack_python_script_42929.py,0.0,0,0.0,0,1.0,4,0.0,2,0.0,3,0.0,0,1
the_stack_python_script_10669.py,0.0,0,0.0,0,1.0,2,0.5,2,0.0,0,0.0,0,0
the_stack_python_script_47858.py,0.0,0,0.75,4,0.9024390243902439,41,0.3611111111111111,36,0.0,3,0.0,0,1
the_stack_python_script_20007.py,0.6666666666666666,3,1.0,6,1.0,7,0.6666666666666666,3,0.0,0,0.0,2,1
the_stack_python_script_1068.py,0.0,0,0.625,8,1.0,13,0.2413793103448276,29,0.0,2,0.0,0,1
the_stack_python_script_116.py,0.5454545454545454,11,0.0,0,0.8333333333333334,6,0.6666666666666666,3,0.0,0,0.0,0,0
the_stack_python_script_92414.py,0.0,0,0.0,0,1.0,1,0.0,1,0.0,0,0.0,0,0
the_stack_python_script_87107.py,0.0,3,0.75,4,0.9375,16,0.14285714285714285,14,0.0,0,0.0,2,1
the_stack_python_script_79607.py,0.0,0,1.0,2,1.0,13,0.46153846153846156,13,0.0,1,0.0,0,1
the_stack_python_script_10820.py,0.0,0,0.0,0,1.0,1,0.0,0,0.0,1,0.0,0,1
the_stack_python_script_1045.py,0.0,0,0.0,0,0.0,0,1.0,1,0.0,1,0.0,1,1
the_stack_python_script_92642.py,0.0,0,0.0,0,0.0,0,0.0,0,0.0,2,0.0,0,1
the_stack_python_script_1380.py,0.0,0,1.0,1,1.0,7,0.3333333333333333,3,0.0,0,0.0,0,0
the_stack_python_script_19647.py,0.0,0,1.0,3,0.918918918918919,37,0.3181818181818182,22,0.22641509433962265,53,0.0,0,1
the_stack_python_script_15500.py,0.0,0,0.5,4,0.8181818181818182,11,0.0,1,0.0,1,0.0,3,1
the_stack_python_script_1004.py,0.0,0,0.5,2,0.8,25,0.2972972972972973,37,0.0,2,0.0,0,1
the_stack_python_script_30993.py,0.0,0,0.125,8,0.625,16,0.125,24,0.5,14,0.0,0,1
the_stack_python_script_15654.py,0.0,0,1.0,2,0.5714285714285714,14,0.12903225806451613,31,0.0,1,0.0,0,0
the_stack_python_script_14385.py,0.0,0,0.0,0,1.0,1,0.2,5,0.25,4,0.0,0,1
the_stack_python_script_18940.py,0.0,0,0.0,2,1.0,5,0.1111111111111111,9,0.0,0,0.0,1,1
the_stack_python_script_13762.py,1.0,2,0.0,0,1.0,5,0.8,10,1.0,1,0.0,0,1
the_stack_python_script_15721.py,0.0,0,0.0,2,1.0,9,0.0,0,0.0,0,0.0,0,0
the_stack_python_script_92090.py,0.0,0,1.0,4,1.0,30,0.4074074074074074,27,0.0,4,0.0,0,1
the_stack_python_script_15940.py,0.5,2,0.8888888888888888,9,0.7777777777777778,9,0.8571428571428571,7,0.47058823529411764,17,0.42857142857142855,7,1
the_stack_python_script_32083.py,0.0,0,0.0,0,1.0,9,0.4666666666666667,15,0.2631578947368421,19,0.0,0,1
the_stack_python_script_14713.py,0.0,0,0.0,0,0.0,7,0.5454545454545454,11,0.0,2,0.0,1,1
the_stack_python_script_92575.py,0.0,1,0.7857142857142857,14,0.9230769230769231,26,1.0,2,0.0,0,0.0,0,1
the_stack_python_script_92765.py,1.0,4,0.7,10,1.0,20,0.3333333333333333,9,0.04,25,0.14285714285714285,7,1
the_stack_python_script_16072.py,0.0,0,1.0,4,1.0,5,0.0,0,0.0,2,0.0,0,1
the_stack_python_script_92469.py,0.0,0,0.0,0,0.5555555555555556,18,0.14285714285714285,14,0.06,50,0.0,0,1
the_stack_python_script_12803.py,1.0,4,0.0,0,0.8666666666666667,15,0.6363636363636364,11,0.6923076923076923,13,0.0,3,1
the_stack_python_script_11315.py,0.0,0,0.0,0,1.0,8,0.3333333333333333,6,0.125,8,0.0,1,1
the_stack_python_script_11391.py,0.0,0,0.3333333333333333,3,0.7777777777777778,18,0.4117647058823529,17,0.1,10,0.0,0,1
the_stack_python_script_15971.py,1.0,2,0.5,2,0.5454545454545454,11,0.3,10,0.0,1,0.0,1,1
the_stack_python_script_14133.py,0.0,0,0.0,0,1.0,2,0.25,4,0.0,0,0.0,0,1
the_stack_python_script_42939.py,1.0,1,1.0,4,1.0,13,0.2222222222222222,9,0.0,0,0.0,0,0
the_stack_python_script_12608.py,0.0,0,1.0,3,1.0,6,0.0,13,0.125,8,0.0,0,1
the_stack_python_script_18236.py,0.0,0,0.0,2,1.0,6,0.0,0,0.0,1,0.0,0,1
the_stack_python_script_13073.py,0.0,0,0.0,0,0.6875,16,0.047619047619047616,21,0.14814814814814814,27,0.0,0,1
the_stack_python_script_13128.py,0.6666666666666666,3,0.8,5,0.8125,16,0.7142857142857143,21,0.4166666666666667,12,0.0,2,1
the_stack_python_script_18139.py,0.75,4,0.0,0,0.8,5,0.5714285714285714,7,0.0,2,0.0,0,1
the_stack_python_script_15493.py,0.0,0,0.0,0,1.0,2,0.6666666666666666,3,0.5,2,0.0,0,1
the_stack_python_script_47718.py,0.0,0,0.0,0,0.0,0,1.0,1,0.0,2,0.0,1,1
the_stack_python_script_92641.py,0.0,0,0.5,2,0.5,2,0.0,0,0.0,0,0.0,0,0
the_stack_python_script_12509.py,0.0,0,0.0,0,0.0,0,0.0,1,0.0,3,0.0,1,1
the_stack_python_script_14583.py,0.0,0,0.0,0,1.0,1,0.8,5,1.0,1,0.0,0,1
the_stack_python_script_32135.py,0.5,2,1.0,6,0.7857142857142857,14,0.3333333333333333,6,0.0,2,0.0,3,1
the_stack_python_script_91839.py,0.0,0,1.0,2,1.0,9,1.0,1,0.0,0,0.0,0,0
the_stack_python_script_10024.py,1.0,2,1.0,10,0.9090909090909091,22,0.25,4,0.034482758620689655,29,0.0,4,1
the_stack_python_script_14380.py,0.0,2,1.0,3,1.0,4,0.0,0,0.0,0,0.0,0,0
the_stack_python_script_18519.py,0.0,0,0.75,4,0.9375,16,0.3076923076923077,13,0.5,2,0.0,1,1
the_stack_python_script_11206.py,0.0,0,0.0,0,1.0,6,0.75,4,0.3333333333333333,3,0.0,0,1
the_stack_python_script_86259.py,1.0,7,0.8571428571428571,7,0.9411764705882353,17,0.2702702702702703,37,0.0,0,0.0,0,0
the_stack_python_script_12333.py,0.75,4,0.3,10,0.8,20,0.4444444444444444,18,0.18181818181818182,11,0.0,1,1
the_stack_python_script_13398.py,0.6666666666666666,3,1.0,9,0.95,20,0.2391304347826087,46,0.09090909090909091,11,0.0,4,1
the_stack_python_script_47910.py,0.5,2,0.4444444444444444,9,1.0,4,0.0,6,0.0,0,0.0,0,0
the_stack_python_script_86451.py,1.0,2,0.0,0,0.8333333333333334,6,0.8,5,0.0,1,0.0,0,1
the_stack_python_script_86300.py,1.0,2,0.5,4,1.0,3,0.2222222222222222,18,0.36363636363636365,11,0.0,0,1
the_stack_python_script_79880.py,0.0,0,0.0,0,0.0,0,0.0,0,0.3333333333333333,6,0.0,0,1
the_stack_python_script_13869.py,0.0,0,0.0,0,0.0,0,0.0,0,0.0,0,0.0,1,1
the_stack_python_script_92636.py,0.0,0,1.0,2,0.8333333333333334,42,0.2926829268292683,41,0.07142857142857142,14,0.0,0,1
the_stack_python_script_17201.py,0.0,0,1.0,1,1.0,1,1.0,2,0.0,1,0.0,0,1
the_stack_python_script_14236.py,0.0,0,0.5,2,0.8571428571428571,7,0.5,8,0.14285714285714285,7,0.0,1,1
the_stack_python_script_18135.py,0.0,0,0.3333333333333333,6,0.75,8,0.3125,16,0.0,3,0.0,0,1
the_stack_python_script_17530.py,0.0,0,1.0,1,0.5,2,0.0,1,0.0,3,0.0,0,1
the_stack_python_script_47949.py,0.9166666666666666,12,0.9090909090909091,11,0.8333333333333334,18,0.4,40,0.23076923076923078,13,0.0,0,1
the_stack_python_script_86522.py,0.0,0,1.0,2,1.0,13,0.32432432432432434,37,0.42857142857142855,21,0.0,0,1
the_stack_python_script_87049.py,0.875,8,0.9090909090909091,11,0.9230769230769231,26,0.625,8,0.45454545454545453,11,0.0,0,1
the_stack_python_script_14656.py,0.0,0,0.0,0,0.9,20,0.2857142857142857,7,0.2,5,0.0,1,1
the_stack_python_script_13284.py,0.0,2,0.5,2,1.0,1,0.0,1,0.0,7,0.0,1,1
the_stack_python_script_12875.py,0.5,2,0.6,5,1.0,5,0.5,4,0.0,1,0.0,0,1
the_stack_python_script_12687.py,0.5,6,1.0,8,1.0,2,0.8,5,0.6,10,0.0,0,1
the_stack_python_script_80205.py,0.6923076923076923,13,0.3,10,1.0,2,0.4444444444444444,9,0.5333333333333333,15,0.0,7,1
the_stack_python_script_71559.py,0.5,4,0.78125,32,0.9473684210526315,19,0.45454545454545453,11,0.08333333333333333,12,0.0,4,1
the_stack_python_script_30889.py,0.0,2,1.0,11,0.6,5,1.0,1,0.0,0,0.0,4,1
the_stack_python_script_47810.py,0.7777777777777778,9,0.9090909090909091,22,0.8148148148148148,27,0.125,24,0.0,3,0.0,0,1
the_stack_python_script_19223.py,0.0,0,0.0,0,0.8181818181818182,11,0.0,10,0.0,0,0.0,0,0
the_stack_python_script_91843.py,0.6666666666666666,3,0.7894736842105263,19,1.0,5,0.0,2,0.0,0,0.0,0,0
the_stack_python_script_43246.py,0.0,0,0.0,0,0.9285714285714286,14,0.0,17,0.0,0,0.0,0,0
the_stack_python_script_8698.py,1.0,2,0.625,16,0.9375,16,0.0,1,0.0,0,0.0,0,0
the_stack_python_script_86567.py,1.0,2,1.0,8,0.0,1,0.0,3,0.0,0,0.0,0,0
the_stack_python_script_92965.py,0.0,2,0.0,0,0.4,10,0.0,2,0.20833333333333334,24,0.0,0,0
the_stack_python_script_1884.py,0.0,0,0.7142857142857143,7,0.8666666666666667,15,0.3,30,0.0,2,0.5,6,1
the_stack_python_script_17780.py,0.0,0,0.0,0,1.0,1,1.0,1,0.0,0,0.0,0,0
the_stack_python_script_80246.py,1.0,1,0.7,10,0.8333333333333334,6,0.4117647058823529,17,0.34615384615384615,26,0.0,0,1
the_stack_python_script_10342.py,0.5,2,0.3,10,0.8888888888888888,9,0.10714285714285714,56,0.0,4,0.0,0,1
the_stack_python_script_139.py,0.5,2,0.9166666666666666,12,0.9473684210526315,19,0.45454545454545453,11,0.14285714285714285,14,0.0,0,1
the_stack_python_script_13646.py,0.0,0,0.0,2,0.8888888888888888,9,0.1111111111111111,9,0.0,3,0.0,0,1
the_stack_python_script_15694.py,1.0,2,0.0,0,1.0,4,0.5,4,1.0,1,0.0,0,1
the_stack_python_script_18537.py,1.0,1,0.6666666666666666,21,0.9166666666666666,12,0.23529411764705882,17,0.0,2,0.0,1,1
the_stack_python_script_87022.py,1.0,1,0.875,8,0.9375,16,0.4166666666666667,12,0.08,25,0.0,3,1
the_stack_python_script_86925.py,0.0,0,0.0,0,0.0,0,0.21875,64,0.0,0,0.0,1,0
the_stack_python_script_14989.py,0.0,0,0.75,4,1.0,27,0.29411764705882354,17,0.14285714285714285,7,0.0,0,1
the_stack_python_script_42826.py,1.0,2,0.6666666666666666,9,0.85,20,0.2857142857142857,21,0.35714285714285715,14,0.2,5,1
the_stack_python_script_17339.py,0.5,2,0.8888888888888888,18,1.0,2,1.0,1,0.3170731707317073,41,0.0,0,1
the_stack_python_script_92148.py,0.0,0,0.0,0,1.0,1,0.0,0,0.0,0,0.0,0,0
the_stack_python_script_14949.py,1.0,2,0.5,8,0.8571428571428571,7,0.3333333333333333,9,0.5833333333333334,24,0.0,1,1
the_stack_python_script_18122.py,1.0,2,0.5,2,0.6086956521739131,23,0.25,4,0.0,2,0.0,3,1
the_stack_python_script_42817.py,0.0,0,1.0,1,1.0,2,0.3333333333333333,3,1.0,1,0.0,1,1
the_stack_python_script_79438.py,0.0,0,0.4444444444444444,9,1.0,1,0.25,4,0.0,0,0.0,0,0
the_stack_python_script_18974.py,1.0,2,0.0,0,0.8,5,0.0,3,1.0,1,0.0,0,1
the_stack_python_script_18585.py,0.0,0,0.0,0,1.0,3,0.5,2,0.0,0,0.0,0,0
the_stack_python_script_14569.py,0.0,0,1.0,1,0.8888888888888888,9,0.7777777777777778,27,0.0,0,0.0,0,0
the_stack_python_script_80389.py,0.0,0,0.5,2,1.0,7,0.5,2,0.0,2,0.0,0,1
the_stack_python_script_40469.py,1.0,1,0.9473684210526315,19,1.0,23,0.16,25,0.0,0,0.0,0,0
the_stack_python_script_8704.py,0.0,0,1.0,1,0.5555555555555556,18,0.14285714285714285,7,0.0,2,0.0,0,1
the_stack_python_script_92722.py,0.0,0,0.0,0,0.0,0,0.0,0,0.0,6,0.0,0,1
the_stack_python_script_86514.py,0.0,0,0.0,0,1.0,1,1.0,2,0.0,0,0.0,1,1
the_stack_python_script_18461.py,1.0,2,0.0,0,1.0,8,0.4,5,0.0,1,0.0,0,1
the_stack_python_script_79733.py,1.0,2,1.0,3,1.0,3,0.6666666666666666,3,0.0,0,0.0,0,0
the_stack_python_script_11807.py,0.0,0,1.0,2,1.0,4,0.0,3,0.0,2,0.0,1,1
the_stack_python_script_1224.py,1.0,1,0.5,6,1.0,7,0.0,8,0.2,15,0.0,0,1
the_stack_python_script_18011.py,0.0,0,0.5,4,1.0,3,0.0,2,0.25,24,0.0,9,1
the_stack_python_script_15713.py,0.0,0,1.0,3,0.8387096774193549,31,0.15,20,0.0,9,0.0,3,1
the_stack_python_script_12945.py,0.5,2,0.5,6,0.8,20,0.25,16,0.058823529411764705,17,0.0,1,1
the_stack_python_script_11947.py,0.0,0,0.0,1,1.0,1,0.0,1,0.0,0,0.0,0,0
the_stack_python_script_13495.py,1.0,2,0.3333333333333333,9,0.75,4,0.6,5,0.0,1,0.6,5,1
the_stack_python_script_1514.py,1.0,2,0.6896551724137931,29,0.9230769230769231,13,0.30434782608695654,23,0.0,0,0.75,4,0
the_stack_python_script_17278.py,0.6666666666666666,3,0.0,2,1.0,3,0.25,4,0.0,0,0.0,2,0
the_stack_python_script_11108.py,1.0,2,0.0,4,0.0,0,0.0,1,0.0,0,0.0,0,0
the_stack_python_script_1441.py,0.0,0,0.5555555555555556,18,0.7307692307692307,26,0.41935483870967744,31,0.0,1,0.0,0,0
the_stack_python_script_15019.py,1.0,2,0.0,0,1.0,5,0.0,4,1.0,1,0.0,0,1
the_stack_python_script_12885.py,1.0,3,0.5,6,1.0,3,0.8333333333333334,6,0.46153846153846156,13,0.0,3,1
the_stack_python_script_16923.py,0.0,0,1.0,1,1.0,2,0.6,10,0.0,5,0.0,0,1
the_stack_python_script_18276.py,0.5,2,1.0,2,0.8181818181818182,11,0.75,4,0.6,10,0.0,2,1
the_stack_python_script_11501.py,0.0,0,0.0,0,1.0,3,0.2857142857142857,14,0.0,0,0.0,1,1
the_stack_python_script_1655.py,0.0,0,0.0,0,1.0,5,0.18181818181818182,11,0.07407407407407407,27,0.0,1,1
the_stack_python_script_12513.py,1.0,2,0.0,0,1.0,7,0.14285714285714285,7,0.0,1,0.0,0,1
the_stack_python_script_15405.py,0.5,4,0.0,0,0.25,4,0.0,3,0.0,1,0.0,0,1
the_stack_python_script_12264.py,0.0,0,0.0,0,0.0,1,1.0,1,0.0,1,0.0,0,1
the_stack_python_script_10311.py,1.0,2,0.9666666666666667,30,0.8571428571428571,7,0.0,0,0.0,0,0.0,0,0
the_stack_python_script_16292.py,1.0,2,0.75,8,0.7692307692307693,13,0.3684210526315789,19,0.14285714285714285,7,0.0,6,1
the_stack_python_script_11894.py,0.0,0,0.0,0,1.0,6,0.0,2,0.0,0,0.0,0,0
the_stack_python_script_1694.py,1.0,7,1.0,10,1.0,6,0.5,4,0.3,10,0.0,2,1
the_stack_python_script_13538.py,0.0,0,0.0,0,0.0,0,0.0,0,0.0,0,0.0,2,0
the_stack_python_script_16191.py,0.5,2,0.5,2,0.8,5,0.25,4,0.0,0,0.0,1,1
the_stack_python_script_92677.py,0.5,2,0.75,4,1.0,7,0.2727272727272727,11,0.0,1,0.0,1,1
the_stack_python_script_1865.py,0.0,0,0.0,0,0.8717948717948718,39,0.3611111111111111,36,0.0,2,0.0,1,1
the_stack_python_script_10303.py,1.0,2,0.9166666666666666,12,1.0,25,0.6923076923076923,13,0.0,0,0.5,10,0
the_stack_python_script_14160.py,0.0,0,0.6666666666666666,6,1.0,4,0.0,2,0.0,6,0.3333333333333333,3,1
the_stack_python_script_13851.py,0.0,0,0.3333333333333333,3,0.6,10,0.5,4,0.1,10,0.0,2,1
the_stack_python_script_17494.py,0.5,2,0.75,4,0.8571428571428571,7,0.0,6,0.0,6,0.0,0,1
the_stack_python_script_79826.py,1.0,1,0.5,2,0.6666666666666666,9,0.6666666666666666,3,0.0,0,0.0,0,0
the_stack_python_script_11908.py,0.3333333333333333,3,0.7647058823529411,17,1.0,4,0.0,4,1.0,1,0.0,4,1
the_stack_python_script_15658.py,0.0,0,1.0,1,1.0,14,0.4,10,0.0,0,0.0,0,0
the_stack_python_script_10600.py,0.5,2,1.0,2,0.0,0,0.5,2,0.0,0,0.0,1,1
the_stack_python_script_92284.py,0.0,0,0.0,0,0.6666666666666666,3,0.6666666666666666,3,0.0,0,0.0,0,0
the_stack_python_script_1063.py,0.0,0,0.0,0,0.5,2,0.0,1,0.0,0,0.0,0,0
the_stack_python_script_13380.py,0.0,0,1.0,3,1.0,7,0.3333333333333333,18,0.3076923076923077,13,0.0,0,1
the_stack_python_script_80075.py,0.8571428571428571,7,0.8333333333333334,6,0.9166666666666666,12,0.65,20,0.0,0,0.0,1,1
the_stack_python_script_17067.py,0.0,0,0.0,0,0.0,0,0.0,0,0.0,0,1.0,2,1
the_stack_python_script_10851.py,1.0,1,1.0,7,0.8695652173913043,23,0.2,15,0.0,1,0.0,0,1
the_stack_python_script_92019.py,0.0,0,0.0,0,0.0,0,0.0,0,0.0,0,0.0,1,1
the_stack_python_script_80413.py,1.0,1,0.6,5,1.0,3,0.2,5,0.0,0,0.5,2,1
the_stack_python_script_1376.py,0.0,0,1.0,1,1.0,4,0.6666666666666666,3,0.0,0,0.0,0,0
the_stack_python_script_80076.py,1.0,1,0.875,8,0.875,8,0.0,1,0.0,0,0.0,0,0
the_stack_python_script_17570.py,0.0,0,0.4444444444444444,9,0.8888888888888888,9,0.5,6,0.0,1,0.25,4,1
the_stack_python_script_12678.py,0.0,0,0.0,0,1.0,3,0.3333333333333333,6,0.25,4,0.0,0,1
the_stack_python_script_13163.py,0.5,2,0.5,6,1.0,28,0.2962962962962963,27,0.0,0,0.0,0,0
the_stack_python_script_86815.py,1.0,2,0.0,0,0.8333333333333334,6,0.6666666666666666,6,1.0,1,0.0,0,1
the_stack_python_script_11988.py,0.0,0,0.0,0,0.0,0,0.0,0,1.0,1,0.0,0,0
the_stack_python_script_92518.py,0.0,2,0.25,4,1.0,13,0.0,2,0.0,2,0.0,0,1
the_stack_python_script_16622.py,0.0,1,1.0,2,0.9090909090909091,22,0.5882352941176471,17,0.07142857142857142,14,0.0,0,1
the_stack_python_script_14131.py,1.0,2,0.75,4,0.5,8,0.2,5,0.0,1,0.0,4,1
the_stack_python_script_1616.py,0.0,0,0.0,0,0.0,0,1.0,1,0.0,0,0.0,1,1
the_stack_python_script_14107.py,0.0,0,0.8,5,1.0,8,0.5,4,0.0,1,0.0,0,1
the_stack_python_script_12087.py,0.0,0,1.0,1,1.0,3,0.5,2,0.0,0,0.0,0,0
the_stack_python_script_1182.py,0.75,4,0.5666666666666667,30,0.8636363636363636,22,0.5,6,0.0,8,0.25,16,1
the_stack_python_script_10608.py,0.0,2,1.0,4,1.0,1,0.8571428571428571,7,0.0,0,0.0,1,0
the_stack_python_script_15699.py,0.0,0,0.75,4,0.8,15,0.6666666666666666,6,0.3076923076923077,26,0.0,0,1
the_stack_python_script_11732.py,1.0,2,0.3333333333333333,6,0.8888888888888888,9,0.3333333333333333,15,0.0,3,0.0,0,1
the_stack_python_script_17197.py,0.0,0,0.0,0,0.6666666666666666,21,0.2631578947368421,19,0.0,1,0.0,0,1
the_stack_python_script_13448.py,1.0,1,1.0,6,1.0,3,1.0,3,0.6666666666666666,12,0.75,4,1
the_stack_python_script_13534.py,0.0,0,0.0,0,0.9090909090909091,22,0.13333333333333333,30,0.2112676056338028,71,0.0,0,1
the_stack_python_script_80208.py,0.75,4,0.875,8,0.9090909090909091,11,0.42857142857142855,28,0.3333333333333333,15,0.0,2,1
the_stack_python_script_79421.py,1.0,1,1.0,5,1.0,12,0.4,15,0.0,0,0.0,0,0
the_stack_python_script_16345.py,0.5,2,0.8333333333333334,6,0.8571428571428571,7,0.0,0,0.0,8,0.0,0,1
the_stack_python_script_30837.py,1.0,2,0.7142857142857143,7,0.9090909090909091,11,0.25,12,0.16666666666666666,6,0.0,0,1
the_stack_python_script_86237.py,1.0,2,1.0,4,0.9,10,0.2857142857142857,14,0.0,1,0.0,2,1
the_stack_python_script_15152.py,1.0,3,1.0,9,0.9333333333333333,30,0.631578947368421,19,0.0,6,0.0,0,1
the_stack_python_script_13875.py,1.0,1,1.0,15,0.8,15,0.6666666666666666,9,0.0,1,0.38461538461538464,13,1
the_stack_python_script_79935.py,1.0,2,0.0,0,1.0,4,0.3333333333333333,3,1.0,1,0.0,0,1
the_stack_python_script_79411.py,0.8333333333333334,6,0.6111111111111112,18,0.9615384615384616,26,0.47619047619047616,21,0.0,3,0.2857142857142857,7,1
the_stack_python_script_32076.py,0.8,5,0.9629629629629629,27,0.8928571428571429,28,0.0,3,0.2,5,0.0,0,1
the_stack_python_script_12028.py,0.0,0,1.0,2,0.9230769230769231,13,0.2,15,0.0,12,0.0,1,1
the_stack_python_script_14777.py,0.0,0,0.0,0,1.0,22,0.44,25,0.46153846153846156,13,0.0,0,1
the_stack_python_script_16435.py,0.0,0,0.0,0,0.75,12,0.3333333333333333,12,0.0,2,0.0,1,1
the_stack_python_script_12449.py,0.6666666666666666,6,1.0,2,0.9090909090909091,11,0.45454545454545453,11,0.9,10,0.0,0,1
the_stack_python_script_18283.py,0.5,2,1.0,8,0.9166666666666666,12,0.16666666666666666,12,0.0,1,0.0,0,0
the_stack_python_script_91897.py,0.0,0,0.0,2,0.7894736842105263,19,0.26666666666666666,15,0.0,10,0.0,1,1
the_stack_python_script_14781.py,0.5,2,0.4,10,1.0,3,0.2857142857142857,14,0.7272727272727273,11,0.0,1,1
the_stack_python_script_32103.py,0.0,0,1.0,1,0.6666666666666666,3,0.25,4,0.0,0,0.0,1,1
the_stack_python_script_18790.py,0.0,0,0.0,0,0.0,0,0.0,1,0.25,8,0.0,0,1
the_stack_python_script_15327.py,0.0,0,0.5,2,0.0,0,0.0,5,0.6153846153846154,13,0.0,0,1
the_stack_python_script_16052.py,0.0,0,0.75,12,0.8857142857142857,35,0.44,25,0.5,6,0.0,0,1
the_stack_python_script_11291.py,0.0,0,0.0,0,0.8571428571428571,21,0.38095238095238093,21,0.0,0,0.0,0,0
the_stack_python_script_79634.py,0.8,5,0.7333333333333333,15,0.9375,16,1.0,3,0.75,12,0.3333333333333333,12,1
the_stack_python_script_79504.py,0.75,4,0.0,0,1.0,5,0.25,4,0.25,8,0.0,0,1
the_stack_python_script_1301.py,1.0,4,0.9230769230769231,13,1.0,11,0.5,6,0.5,4,0.38461538461538464,13,1
the_stack_python_script_17796.py,0.0,0,0.0,0,0.6666666666666666,3,0.0,2,0.2,5,0.0,0,1
the_stack_python_script_79778.py,0.0,2,0.7142857142857143,14,0.0,0,1.0,1,0.0,0,0.5,8,1
the_stack_python_script_43060.py,0.0,2,0.5,2,0.0,1,0.0,6,0.0,4,0.0,0,1
the_stack_python_script_86245.py,0.0,0,0.0,0,0.75,4,0.0,3,0.0,1,0.0,0,1
the_stack_python_script_13158.py,0.0,0,0.0,0,0.8611111111111112,36,0.34615384615384615,26,0.10526315789473684,19,0.0,0,1
the_stack_python_script_9213.py,1.0,2,0.6,5,0.9166666666666666,12,0.4444444444444444,18,0.16666666666666666,6,0.0,0,1
the_stack_python_script_13316.py,0.0,0,0.5,2,1.0,1,0.3333333333333333,9,0.0,0,0.0,2,1
the_stack_python_script_92491.py,0.0,0,0.0,0,0.7857142857142857,14,0.2682926829268293,41,0.16666666666666666,42,0.0,0,1
the_stack_python_script_22209.py,0.0,0,0.75,8,0.8076923076923077,52,0.15384615384615385,13,0.23076923076923078,13,0.0,1,1
the_stack_python_script_11525.py,0.0,0,0.6666666666666666,9,0.8333333333333334,12,0.42857142857142855,7,0.4666666666666667,15,0.0,1,1
the_stack_python_script_32094.py,0.0,0,0.0,0,0.2857142857142857,7,0.5,2,0.0,0,0.0,0,0
the_stack_python_script_14050.py,0.5,2,0.4166666666666667,12,0.8571428571428571,28,0.3333333333333333,9,0.3333333333333333,6,0.0,0,1
the_stack_python_script_17139.py,0.0,0,0.6666666666666666,6,0.8387096774193549,31,0.1875,16,0.25925925925925924,27,1.0,1,1
the_stack_python_script_19218.py,0.0,1,0.5,2,0.0,0,0.0,0,0.0,1,0.0,0,1
the_stack_python_script_86431.py,0.5,2,0.6,5,0.7777777777777778,9,0.3333333333333333,3,0.0,0,0.0,1,1
the_stack_python_script_16366.py,1.0,1,0.0,0,0.5,16,0.25,8,0.0,6,0.0,0,1
the_stack_python_script_86802.py,0.0,0,1.0,1,0.0,0,0.0,5,0.0,1,0.0,0,1
the_stack_python_script_1584.py,0.5,2,0.0,2,0.0,1,0.0,0,0.0,0,0.0,0,0
the_stack_python_script_92039.py,0.0,2,0.5555555555555556,9,1.0,7,0.8,5,0.8181818181818182,11,0.0,0,1
the_stack_python_script_16958.py,1.0,2,0.0,0,0.875,8,0.2,10,1.0,1,0.0,0,1
the_stack_python_script_47889.py,0.0,0,0.0,0,1.0,3,0.5,2,0.0,0,0.0,0,0
the_stack_python_script_11384.py,0.0,0,0.8333333333333334,6,0.9285714285714286,14,0.42857142857142855,14,0.3333333333333333,3,0.5,4,1
the_stack_python_script_13880.py,0.0,0,1.0,6,0.8604651162790697,43,0.2962962962962963,27,0.0,4,0.0,2,1
the_stack_python_script_13726.py,0.5,2,1.0,4,0.9583333333333334,24,0.325,40,0.4117647058823529,17,0.0,5,1
the_stack_python_script_11490.py,0.0,0,1.0,1,1.0,17,0.08333333333333333,12,0.09090909090909091,11,0.0,0,1
the_stack_python_script_1645.py,0.0,0,1.0,3,1.0,6,0.18181818181818182,33,0.0,1,0.0,0,1
the_stack_python_script_11656.py,0.0,0,0.0,0,0.8974358974358975,39,0.4,10,0.0,34,0.0,0,1
the_stack_python_script_92500.py,0.0,0,1.0,2,1.0,5,0.0,0,0.0,11,0.0,0,1
the_stack_python_script_92087.py,0.0,0,0.0,0,1.0,2,0.0,4,0.3,30,0.0,0,1
the_stack_python_script_14565.py,0.0,0,0.0,0,0.0,0,0.0,0,0.0,1,0.0,0,1
the_stack_python_script_10102.py,0.0,1,0.6666666666666666,6,1.0,1,0.0,0,0.0,0,0.0,0,0
the_stack_python_script_17944.py,0.0,0,1.0,8,0.782608695652174,46,0.3333333333333333,27,0.0,3,0.0,0,1
the_stack_python_script_8632.py,0.0,0,0.3333333333333333,6,0.7777777777777778,9,0.0,2,0.0,1,0.0,0,1
the_stack_python_script_15168.py,0.0,0,0.0,0,0.6,5,0.375,8,0.6,5,0.0,0,1
the_stack_python_script_11757.py,0.0,0,0.5,2,1.0,4,0.2857142857142857,7,0.0,6,0.0,2,1
the_stack_python_script_80131.py,0.0,0,0.0,0,1.0,4,0.0,0,0.0,0,0.0,0,0
the_stack_python_script_10680.py,0.0,0,0.75,4,0.8,5,0.5,10,0.5,2,0.0,2,1
the_stack_python_script_15479.py,0.0,0,0.5714285714285714,7,1.0,1,0.0,2,0.16666666666666666,6,0.0,3,1
the_stack_python_script_15451.py,1.0,4,1.0,17,0.9285714285714286,14,0.3,10,0.6,5,0.5882352941176471,17,1
the_stack_python_script_80022.py,0.0,0,0.0,0,0.8235294117647058,17,0.125,8,0.0,8,0.0,0,1
the_stack_python_script_18832.py,0.6956521739130435,23,0.0,0,0.6666666666666666,24,0.5,2,0.0,0,0.75,16,1
the_stack_python_script_18734.py,1.0,2,0.4444444444444444,9,0.6666666666666666,3,0.6666666666666666,6,0.6363636363636364,11,0.0,0,1
the_stack_python_script_30826.py,1.0,2,0.8,5,1.0,2,0.25,4,0.0,0,0.0,1,1
the_stack_python_script_11963.py,0.0,0,1.0,2,0.625,8,1.0,1,0.1111111111111111,9,0.5,2,1
the_stack_python_script_17490.py,0.5,2,1.0,5,1.0,6,1.0,3,0.0,0,0.0,0,0
the_stack_python_script_14530.py,1.0,2,0.8888888888888888,9,0.9230769230769231,13,0.10526315789473684,19,0.0,16,0.0,0,1
the_stack_python_script_86515.py,0.0,0,0.0,0,0.8529411764705882,34,0.3157894736842105,19,0.0,14,0.0,1,1
the_stack_python_script_19215.py,0.6,5,0.8666666666666667,15,0.7916666666666666,24,0.21428571428571427,14,0.1,10,0.0,0,1
the_stack_python_script_17119.py,0.0,0,0.8,5,0.6666666666666666,3,0.25,4,0.0,4,0.0,1,1
the_stack_python_script_17631.py,1.0,2,1.0,2,0.9411764705882353,17,0.09523809523809523,21,0.0,3,0.0,0,1
the_stack_python_script_14086.py,0.8,5,1.0,4,0.8888888888888888,9,0.75,12,0.0,0,0.0,0,0
the_stack_python_script_16282.py,0.0,0,0.3333333333333333,3,1.0,2,0.5,2,0.5,2,0.0,0,1
the_stack_python_script_86594.py,0.5,2,1.0,2,1.0,14,0.14285714285714285,7,0.0,3,0.0,0,1
the_stack_python_script_1457.py,0.0,1,0.6666666666666666,12,0.8461538461538461,13,0.0,3,0.0,1,0.0,2,1
the_stack_python_script_16656.py,0.0,0,0.0,0,0.05405405405405406,37,0.17391304347826086,23,0.0,6,0.0,5,1
the_stack_python_script_30906.py,0.0,0,0.0,0,1.0,5,0.5,4,0.125,8,0.0,0,1
the_stack_python_script_13202.py,0.0,0,0.0,0,1.0,12,0.23529411764705882,17,0.0,13,0.0,0,1
the_stack_python_script_10876.py,0.0,0,0.5,2,0.5,2,1.0,1,0.0,0,0.0,2,1
the_stack_python_script_13006.py,0.0,0,1.0,1,1.0,4,0.25,4,0.0,1,0.0,2,1
the_stack_python_script_86246.py,0.8,5,0.9166666666666666,12,0.9411764705882353,17,0.8,15,0.0,3,0.0,1,1
the_stack_python_script_92268.py,1.0,2,0.0,0,1.0,4,0.3333333333333333,3,0.0,2,0.0,0,1
the_stack_python_script_18738.py,0.0,0,0.6666666666666666,3,0.8,10,0.1,20,0.0,3,0.0,3,1
the_stack_python_script_20736.py,0.0,0,0.0,0,0.9375,16,0.5,14,0.0,0,0.0,0,0
the_stack_python_script_80025.py,0.0,0,0.0,0,0.0,0,0.0,1,0.0,1,0.0,1,1
the_stack_python_script_25067.py,0.0,0,0.6666666666666666,3,1.0,5,0.0,0,0.25,8,0.0,0,1
the_stack_python_script_43108.py,0.0,0,0.0,0,1.0,1,0.3333333333333333,3,0.0,0,0.0,0,0
the_stack_python_script_16120.py,0.6666666666666666,3,0.8571428571428571,7,1.0,16,0.375,8,0.0,2,0.0,2,1
the_stack_python_script_19014.py,0.5,2,0.7142857142857143,7,1.0,2,0.16666666666666666,18,0.0,8,0.0,0,1
the_stack_python_script_79420.py,0.0,0,0.0,0,0.0,0,0.0,0,0.0,2,0.0,0,1
the_stack_python_script_4782.py,0.0,0,0.0,0,0.7191011235955056,89,0.20512820512820512,39,0.0,8,0.0,0,1
the_stack_python_script_14382.py,1.0,3,0.9,10,1.0,11,0.0,0,0.08333333333333333,12,0.0,0,1
the_stack_python_script_13032.py,0.0,0,0.0,0,1.0,4,0.10638297872340426,47,0.0,8,0.0,0,1
the_stack_python_script_17346.py,0.0,0,0.0,0,1.0,1,0.0,2,0.0,3,0.0,0,1
the_stack_python_script_80042.py,0.0,0,0.0,1,1.0,3,0.6666666666666666,3,0.2916666666666667,24,0.0,0,1
the_stack_python_script_30842.py,0.0,0,0.0,2,1.0,11,1.0,2,0.0,3,0.0,0,1
the_stack_python_script_12941.py,0.0,0,0.0,0,0.5555555555555556,9,0.42857142857142855,7,0.0,0,0.0,0,0
the_stack_python_script_17389.py,0.0,0,0.0,0,1.0,6,0.3333333333333333,6,0.0,3,0.0,1,1
the_stack_python_script_16952.py,0.0,0,0.5,2,0.6666666666666666,3,0.0,2,0.0,5,0.0,0,1
the_stack_python_script_92257.py,0.5,2,1.0,2,1.0,12,0.4482758620689655,29,0.2,5,0.0,0,1
the_stack_python_script_32089.py,1.0,2,0.0,0,1.0,11,0.5,14,1.0,1,0.0,0,1
the_stack_python_script_99945.py,1.0,2,0.6,5,1.0,3,0.0,6,0.0,0,0.25,4,0
the_stack_python_script_11923.py,1.0,2,0.0,0,1.0,5,0.25,4,0.0,2,0.0,0,1
the_stack_python_script_92454.py,0.0,0,0.0,0,1.0,3,0.0,1,0.0,1,0.0,0,1
the_stack_python_script_154.py,1.0,5,0.4166666666666667,12,1.0,16,0.5,20,0.0,0,0.75,4,1
the_stack_python_script_71656.py,0.75,4,0.0,0,1.0,3,0.5,4,0.0,0,0.0,0,0
the_stack_python_script_91893.py,0.5,2,1.0,3,1.0,2,0.375,8,0.0,1,0.0,0,1
the_stack_python_script_91949.py,0.0,1,0.6,5,1.0,3,0.0,0,0.6666666666666666,3,0.0,0,1
the_stack_python_script_13140.py,1.0,2,0.75,8,0.9444444444444444,18,0.36,25,0.5,6,0.42857142857142855,7,1
the_stack_python_script_11521.py,0.0,0,0.0,0,0.88,25,0.2608695652173913,46,0.3333333333333333,12,0.0,1,1
the_stack_python_script_17672.py,0.0,0,0.2,5,1.0,16,0.9166666666666666,12,0.16666666666666666,6,0.0,0,1
the_stack_python_script_10352.py,0.0,0,0.0,0,0.9032258064516129,31,0.29411764705882354,17,0.2878787878787879,66,0.0,0,1
the_stack_python_script_12925.py,0.0,0,1.0,1,1.0,3,0.0,1,0.0,0,0.0,0,0
the_stack_python_script_18240.py,0.0,0,0.0,0,0.0,0,0.0,0,0.0,1,0.0,0,1
the_stack_python_script_80411.py,1.0,2,0.5,4,0.75,8,1.0,1,0.0,6,0.0,1,1
the_stack_python_script_11067.py,0.625,8,1.0,2,0.8181818181818182,11,0.6153846153846154,13,0.5,2,0.42857142857142855,7,1
the_stack_python_script_86346.py,1.0,4,1.0,11,0.9047619047619048,21,0.5,18,0.0,4,0.0,6,1
the_stack_python_script_3213.py,1.0,2,1.0,2,0.9393939393939394,33,0.15789473684210525,19,0.1111111111111111,45,0.0,0,1
the_stack_python_script_17860.py,1.0,2,0.0,0,1.0,11,0.23529411764705882,17,0.0,1,0.0,0,1
the_stack_python_script_18153.py,0.0,0,1.0,2,1.0,4,0.6923076923076923,13,0.2727272727272727,11,0.0,0,1
the_stack_python_script_12426.py,0.5,2,0.75,4,1.0,6,0.1,10,0.0,4,0.0,2,1
the_stack_python_script_13084.py,0.0,0,0.0,0,1.0,2,0.6666666666666666,3,0.0,0,0.0,0,0
the_stack_python_script_11555.py,0.0,0,1.0,8,1.0,14,0.42857142857142855,14,0.0,0,0.0,0,0
the_stack_python_script_13318.py,0.0,0,0.0,0,1.0,1,0.5,2,0.0,0,0.0,1,1
the_stack_python_script_11383.py,0.0,0,0.0,0,0.5,2,0.6666666666666666,6,0.25,4,0.0,1,1
the_stack_python_script_17217.py,1.0,2,0.5,4,1.0,2,0.5,2,0.0,0,0.0,1,0
the_stack_python_script_92081.py,0.3333333333333333,3,0.875,8,1.0,3,1.0,1,1.0,1,0.0,0,1
the_stack_python_script_91885.py,0.5,2,0.5,6,0.875,8,0.16666666666666666,18,0.4,20,0.0,1,1
the_stack_python_script_11024.py,0.0,0,0.0,0,1.0,3,0.6666666666666666,6,1.0,1,0.0,0,1
the_stack_python_script_92522.py,0.0,0,0.0,1,0.0,0,0.0,0,0.0,0,0.0,0,0
the_stack_python_script_71223.py,0.0,0,1.0,5,0.8,5,0.09523809523809523,21,0.0,5,0.5,4,1
the_stack_python_script_17894.py,1.0,1,0.76,25,0.45454545454545453,11,1.0,1,0.0,1,0.6111111111111112,18,1
the_stack_python_script_8687.py,0.0,0,0.0,0,1.0,18,0.21428571428571427,28,0.4146341463414634,41,0.0,0,1
the_stack_python_script_15830.py,1.0,2,0.0,0,1.0,6,0.7142857142857143,7,1.0,1,0.0,0,1
the_stack_python_script_14924.py,0.0,0,0.0,0,0.0,0,0.0,0,0.0,0,0.0,1,1
the_stack_python_script_79630.py,1.0,2,0.5833333333333334,12,0.9090909090909091,22,0.35,20,0.0,0,0.36363636363636365,11,0
the_stack_python_script_12587.py,0.7142857142857143,7,0.25,4,0.7692307692307693,13,0.3333333333333333,3,0.25,4,0.0,4,1
the_stack_python_script_15000.py,0.0,0,0.9,10,0.7037037037037037,27,0.5,8,0.0,5,0.0,1,1
the_stack_python_script_17971.py,1.0,2,0.5,2,0.8333333333333334,6,0.6666666666666666,3,0.0,5,0.0,0,1
the_stack_python_script_13367.py,0.0,0,0.5,2,1.0,5,0.4444444444444444,9,1.0,1,0.0,0,1
the_stack_python_script_12259.py,0.0,0,0.0,0,1.0,4,0.3333333333333333,3,0.0,2,0.0,0,1
the_stack_python_script_11171.py,1.0,2,1.0,4,1.0,5,0.4444444444444444,9,0.0,7,0.0,2,1
the_stack_python_script_10201.py,1.0,2,0.0,0,0.7142857142857143,7,0.0,3,1.0,1,0.0,0,1
the_stack_python_script_86394.py,1.0,2,1.0,4,1.0,6,0.0,0,0.375,8,0.0,0,1
the_stack_python_script_91817.py,0.0,0,0.0,0,1.0,1,0.5714285714285714,14,0.0,5,0.0,0,1
the_stack_python_script_86406.py,0.0,0,0.0,0,1.0,2,0.4,5,0.5,2,0.0,1,1
the_stack_python_script_32182.py,0.0,0,0.0,0,0.5714285714285714,7,0.6428571428571429,14,0.0,1,0.0,0,1
the_stack_python_script_15427.py,0.5,2,0.0,0,1.0,2,0.0,2,0.0,0,0.0,0,0
the_stack_python_script_11985.py,0.5,2,0.625,8,0.7777777777777778,27,0.7142857142857143,7,0.4166666666666667,12,0.0,0,1
the_stack_python_script_11959.py,1.0,3,0.8571428571428571,7,0.9333333333333333,15,0.2727272727272727,22,0.0,4,0.0,3,1
the_stack_python_script_18882.py,0.0,2,0.75,12,0.8125,16,0.5,16,0.1111111111111111,9,0.0,0,1
the_stack_python_script_12915.py,0.0,0,1.0,2,0.9411764705882353,17,0.6666666666666666,3,0.09090909090909091,11,0.0,0,1
the_stack_python_script_48002.py,0.0,0,0.5,2,1.0,4,0.6666666666666666,3,0.0,0,0.0,0,0
the_stack_python_script_19122.py,1.0,1,0.7,10,0.875,8,0.7142857142857143,7,0.0,0,0.0,5,1
the_stack_python_script_25099.py,1.0,2,0.45454545454545453,11,0.9411764705882353,17,0.34615384615384615,26,0.0,9,0.0,3,1
the_stack_python_script_14314.py,0.0,0,0.5,4,0.8947368421052632,19,0.21428571428571427,14,0.0,2,0.0,1,1
the_stack_python_script_42828.py,0.0,0,0.6,5,0.8333333333333334,6,0.5,8,0.6666666666666666,3,0.0,3,1
the_stack_python_script_10493.py,0.0,0,0.5,2,1.0,2,0.8,5,0.47368421052631576,19,0.0,0,1
the_stack_python_script_32187.py,1.0,2,1.0,5,0.84,25,0.1951219512195122,41,0.14285714285714285,7,0.0,2,1
the_stack_python_script_17170.py,0.0,0,1.0,3,1.0,4,0.5,4,0.0,0,0.0,0,0
the_stack_python_script_13800.py,1.0,2,0.3,10,0.0,0,0.7142857142857143,7,0.0,0,0.0,1,1
the_stack_python_script_18837.py,0.0,0,0.0,0,1.0,8,0.0,2,0.0,5,0.0,0,1
the_stack_python_script_14618.py,1.0,2,0.0,0,0.8333333333333334,12,0.3125,16,0.5,2,0.0,0,1
the_stack_python_script_18114.py,0.0,0,1.0,2,1.0,2,0.75,4,0.5,2,0.0,1,1
the_stack_python_script_13913.py,0.0,0,1.0,1,1.0,1,0.6666666666666666,6,0.0,1,0.0,1,1
the_stack_python_script_19261.py,0.0,0,0.6666666666666666,3,1.0,5,0.5,10,0.0,1,0.0,0,0
the_stack_python_script_18518.py,0.0,0,0.0,0,0.5,2,0.1,10,0.0,0,0.0,0,0
the_stack_python_script_92711.py,0.0,0,0.0,0,1.0,3,0.6666666666666666,3,0.0,4,0.0,1,1
the_stack_python_script_79978.py,0.5,2,0.75,4,0.3333333333333333,3,0.4,5,0.0,2,0.0,0,1
the_stack_python_script_86392.py,0.0,0,1.0,2,0.8333333333333334,6,0.0,7,0.0,3,0.0,2,1
the_stack_python_script_15837.py,0.5,2,0.25,4,0.8,5,0.0,1,0.0,0,0.0,0,0
the_stack_python_script_86391.py,0.0,0,1.0,7,0.92,25,0.5833333333333334,12,0.07142857142857142,14,0.2,5,1
the_stack_python_script_91952.py,1.0,2,0.0,0,1.0,4,0.6,5,0.0,1,0.0,0,1
the_stack_python_script_86203.py,1.0,1,0.5,2,1.0,1,0.0,0,0.0,0,0.0,0,0
the_stack_python_script_14312.py,1.0,2,0.42857142857142855,7,1.0,5,0.5,6,0.0,0,0.0,1,0
the_stack_python_script_15061.py,0.0,0,0.2,5,0.9375,16,0.2,25,0.0,9,0.0,0,1
the_stack_python_script_17099.py,0.0,0,0.0,0,1.0,1,1.0,2,0.0,0,0.0,1,1
the_stack_python_script_80211.py,0.0,0,1.0,2,1.0,7,0.2222222222222222,9,0.5,2,0.0,0,1
the_stack_python_script_13335.py,1.0,2,0.6,5,1.0,2,1.0,2,0.5,2,0.5,4,1
the_stack_python_script_14729.py,0.5,2,0.5,6,0.6,5,0.0,3,0.3333333333333333,12,0.0,2,1
the_stack_python_script_10655.py,1.0,1,0.8333333333333334,6,1.0,10,0.0,0,0.0,2,0.0,0,1
the_stack_python_script_43056.py,0.0,0,1.0,1,0.8333333333333334,6,0.4444444444444444,9,0.0,15,0.0,1,1
the_stack_python_script_15638.py,0.0,1,0.5,4,0.9333333333333333,15,0.18181818181818182,22,0.0,0,0.75,4,1
the_stack_python_script_13280.py,0.0,0,0.0,0,1.0,3,0.0,2,0.0,1,0.0,0,1
the_stack_python_script_20006.py,0.5,2,0.8333333333333334,6,1.0,2,0.8,5,0.0,0,0.0,0,0
the_stack_python_script_18217.py,1.0,2,0.0,0,0.5,2,0.3333333333333333,3,0.0,0,0.0,1,1
the_stack_python_script_80060.py,1.0,2,0.6666666666666666,3,0.9473684210526315,19,0.32142857142857145,28,0.0,3,0.0,1,1
the_stack_python_script_14071.py,1.0,2,0.0,0,0.6,10,0.0,1,0.0,1,0.0,1,1
the_stack_python_script_71503.py,0.0,0,0.0,0,1.0,1,0.3333333333333333,3,0.0,0,0.0,0,0
the_stack_python_script_16073.py,0.0,0,0.42857142857142855,7,0.75,12,0.25,12,0.0,0,0.0,0,0
the_stack_python_script_16558.py,0.0,0,1.0,5,1.0,17,0.5333333333333333,15,0.0,5,0.0,1,1
the_stack_python_script_4297.py,1.0,2,0.42857142857142855,14,0.6363636363636364,22,0.38461538461538464,26,0.18181818181818182,11,0.0,3,1
the_stack_python_script_7170.py,0.5,2,0.6842105263157895,19,0.8181818181818182,11,0.4230769230769231,26,0.16666666666666666,6,0.0,3,1
the_stack_python_script_86356.py,0.0,0,0.7777777777777778,9,0.9444444444444444,18,0.25,16,0.0,0,0.0,0,0
the_stack_python_script_71698.py,0.0,0,1.0,3,0.9523809523809523,21,0.2571428571428571,35,0.25,8,0.0,1,1
the_stack_python_script_17939.py,0.0,0,1.0,11,0.8571428571428571,21,0.23333333333333334,30,0.0,0,0.0,0,0
the_stack_python_script_15407.py,1.0,2,1.0,2,0.9090909090909091,11,0.6,5,0.2222222222222222,9,0.0,1,1
the_stack_python_script_13065.py,0.3333333333333333,3,1.0,4,1.0,3,1.0,1,0.0,0,0.5,2,0
the_stack_python_script_14935.py,0.0,0,0.8888888888888888,9,0.8846153846153846,26,0.4782608695652174,23,0.0,0,0.0,0,0
the_stack_python_script_1442.py,1.0,2,1.0,6,1.0,4,0.6,5,0.0,0,1.0,4,0
the_stack_python_script_14956.py,0.0,0,0.0,0,1.0,1,0.0,1,0.0,2,0.0,0,1
the_stack_python_script_15226.py,1.0,2,1.0,2,0.6666666666666666,3,0.3333333333333333,3,0.0,0,0.0,0,0
the_stack_python_script_86565.py,0.875,8,1.0,7,0.9,10,0.1111111111111111,9,0.0,0,0.0,0,0
the_stack_python_script_92051.py,0.0,0,0.0,1,0.8333333333333334,6,0.8,5,0.0,0,0.0,0,0
the_stack_python_script_92587.py,1.0,2,0.0,0,0.5,2,0.0,1,0.0,3,0.0,0,1
the_stack_python_script_14602.py,0.0,0,0.5714285714285714,7,0.9,10,0.15555555555555556,45,0.47058823529411764,17,0.16666666666666666,6,1
the_stack_python_script_1241.py,0.0,0,0.0,0,0.5,2,0.5,2,0.0,0,0.0,0,0
the_stack_python_script_13673.py,0.0,0,0.0,0,0.7368421052631579,19,0.4,30,0.0,3,0.0,0,1
the_stack_python_script_71574.py,1.0,5,0.7777777777777778,9,1.0,20,0.625,8,0.0,2,0.0,0,1
the_stack_python_script_10516.py,0.3333333333333333,3,0.25,4,1.0,1,0.0,0,0.0,0,0.0,0,0
the_stack_python_script_12432.py,0.8571428571428571,7,1.0,2,0.4,5,0.0,1,0.0,0,0.0,0,0
the_stack_python_script_92306.py,0.0,0,0.0,0,1.0,3,0.6,5,0.0,10,0.25,4,1
the_stack_python_script_16473.py,1.0,2,0.3333333333333333,9,0.8,5,0.5,4,0.0,3,0.0,2,1
the_stack_python_script_80152.py,0.0,0,0.0,0,1.0,11,0.0,6,0.2222222222222222,9,0.0,0,1
the_stack_python_script_79505.py,0.5,2,0.0,0,0.0,0,0.0,0,0.0,4,0.0,0,1
the_stack_python_script_32193.py,0.6666666666666666,3,1.0,9,1.0,3,0.3333333333333333,3,0.0,0,0.4,5,1
the_stack_python_script_17236.py,1.0,1,0.6666666666666666,3,1.0,1,0.0,1,0.0,0,0.0,1,1
the_stack_python_script_79557.py,0.0,1,0.5,6,0.6,5,1.0,1,0.0,0,0.0,4,1
the_stack_python_script_15583.py,1.0,4,0.8571428571428571,7,0.9285714285714286,14,0.5652173913043478,23,0.25,16,0.375,8,1
the_stack_python_script_14901.py,1.0,3,0.45454545454545453,11,0.8571428571428571,7,0.2777777777777778,18,0.21739130434782608,23,0.0,4,1
the_stack_python_script_10003.py,0.0,2,0.25,4,0.0,0,0.0,8,0.0,0,0.0,0,0
the_stack_python_script_92444.py,0.0,0,1.0,3,0.9,10,0.25,4,0.08333333333333333,60,0.0,0,1
the_stack_python_script_16640.py,0.0,0,0.0,0,0.625,8,0.0,8,0.0,0,0.0,0,0
the_stack_python_script_14876.py,0.0,0,0.0,0,0.6,5,0.4,5,0.0,0,0.0,0,0
the_stack_python_script_14811.py,0.0,0,0.625,8,1.0,13,0.32,25,0.0,0,0.0,2,1
the_stack_python_script_10128.py,1.0,2,0.5,2,0.6666666666666666,3,0.0,5,0.14285714285714285,7,0.0,1,1
the_stack_python_script_86497.py,0.0,0,0.0,1,1.0,3,0.125,8,0.0,0,0.0,1,0
the_stack_python_script_92198.py,0.0,0,0.0,1,0.0,0,0.0,1,0.0,0,0.0,0,0
the_stack_python_script_17793.py,1.0,4,0.6363636363636364,11,0.7777777777777778,18,0.25,4,0.3333333333333333,3,0.25,8,1
the_stack_python_script_80326.py,0.0,0,1.0,1,1.0,4,0.8333333333333334,6,0.6666666666666666,12,0.0,0,1
the_stack_python_script_92107.py,0.0,0,0.0,0,1.0,19,0.2222222222222222,9,0.0,0,0.0,0,0
the_stack_python_script_4321.py,0.0,0,0.75,4,0.85,20,0.2,30,0.07692307692307693,13,0.0,4,1
the_stack_python_script_16095.py,0.0,0,0.0,0,1.0,6,0.3333333333333333,3,0.0,0,0.0,0,0
the_stack_python_script_86327.py,0.0,0,0.0,0,0.0,0,0.0,0,0.0,0,0.0,2,1
the_stack_python_script_7969.py,1.0,4,0.5833333333333334,12,0.8947368421052632,19,0.6470588235294118,17,0.0,0,0.0,0,0
the_stack_python_script_86278.py,1.0,2,0.75,4,0.9090909090909091,22,0.5,16,0.0,4,0.0,4,1
the_stack_python_script_11695.py,0.0,1,1.0,4,1.0,2,0.0,1,0.0,0,0.0,1,1
the_stack_python_script_30818.py,1.0,1,0.0,0,1.0,1,1.0,1,0.0,0,0.0,0,0
the_stack_python_script_47709.py,0.0,0,0.6666666666666666,9,0.8461538461538461,26,0.038461538461538464,26,0.0,1,0.0,0,0
the_stack_python_script_15650.py,0.0,0,0.0,1,0.75,4,0.4,5,0.391304347826087,23,0.0,1,1
the_stack_python_script_11671.py,0.0,0,0.8333333333333334,12,0.95,20,0.10344827586206896,29,0.5,2,0.0,0,1
the_stack_python_script_79989.py,0.0,0,0.0,0,1.0,2,0.0,3,0.0,6,0.0,0,1
the_stack_python_script_1174.py,0.0,0,0.5,2,1.0,14,0.0,8,0.0,2,0.0,0,1
the_stack_python_script_12929.py,1.0,2,0.0,2,0.9166666666666666,24,0.42857142857142855,7,0.0,7,0.0,2,1
the_stack_python_script_8627.py,1.0,3,1.0,2,0.0,0,0.5,2,0.3333333333333333,6,0.0,3,1
the_stack_python_script_9184.py,0.5,2,0.6363636363636364,22,0.8636363636363636,22,0.2692307692307692,26,0.0,1,0.0,0,0
the_stack_python_script_30939.py,0.0,0,1.0,6,1.0,5,0.6666666666666666,3,0.0,0,0.0,1,0
the_stack_python_script_92041.py,0.5,2,1.0,2,0.0,0,0.0,2,0.0,0,0.0,1,0
the_stack_python_script_15913.py,0.6,5,0.9166666666666666,12,1.0,7,0.6666666666666666,3,0.0,0,0.0,3,1
the_stack_python_script_15284.py,0.5,2,1.0,8,0.75,4,0.8571428571428571,7,0.0,0,0.0,0,1
the_stack_python_script_18638.py,0.5,2,0.6,10,0.7368421052631579,19,0.35294117647058826,17,0.14285714285714285,14,0.0,2,1
the_stack_python_script_15345.py,0.0,0,0.6666666666666666,3,1.0,1,0.16666666666666666,6,0.3333333333333333,3,0.0,0,1
the_stack_python_script_16853.py,0.0,0,0.0,0,1.0,4,0.0,2,0.0,0,0.0,0,0
the_stack_python_script_1554.py,0.0,0,0.0,0,1.0,6,1.0,2,0.0,4,0.0,0,1
the_stack_python_script_10219.py,0.5,2,1.0,2,1.0,6,0.4,5,0.0,1,0.0,1,1
the_stack_python_script_17801.py,0.0,0,0.0,0,0.0,1,0.5,4,0.4117647058823529,17,0.0,0,1
the_stack_python_script_92105.py,0.0,0,0.0,0,0.75,4,0.5,10,0.3333333333333333,9,0.0,0,1
the_stack_python_script_19182.py,0.0,0,0.0,0,0.0,0,0.0,0,0.0,0,0.0,1,1
the_stack_python_script_10355.py,0.0,0,0.0,0,1.0,4,0.4444444444444444,9,0.0,0,0.0,1,1
the_stack_python_script_10708.py,1.0,1,0.6521739130434783,23,0.75,20,0.17647058823529413,17,0.0,7,0.0,1,1
the_stack_python_script_14882.py,0.0,0,0.0,0,0.0,0,0.0,0,0.0,1,0.0,0,1
the_stack_python_script_16864.py,0.8333333333333334,6,1.0,6,1.0,12,1.0,1,0.0,0,0.0,0,0
the_stack_python_script_19245.py,0.5,2,0.5,4,1.0,1,0.0,0,0.0,2,0.0,0,1
the_stack_python_script_92409.py,0.75,4,0.7647058823529411,17,0.8787878787878788,33,0.0,2,0.3333333333333333,3,0.0,0,1
the_stack_python_script_91886.py,0.0,0,1.0,2,0.875,16,0.15384615384615385,13,0.058823529411764705,17,0.0,0,1
the_stack_python_script_14496.py,1.0,2,0.75,4,0.88,25,0.4375,16,0.11428571428571428,35,0.0,0,1
the_stack_python_script_12787.py,1.0,2,0.5555555555555556,18,0.9444444444444444,18,0.2,10,0.0,10,0.0,0,1
the_stack_python_script_93021.py,0.0,0,0.5,2,0.9,30,0.5483870967741935,31,0.6,5,0.0,2,1
the_stack_python_script_11158.py,0.0,0,0.8571428571428571,7,0.9230769230769231,13,0.125,8,0.0,3,0.0,0,1
the_stack_python_script_79450.py,1.0,2,0.8,5,0.6,5,0.75,4,0.25,4,0.0,0,1
the_stack_python_script_71326.py,0.0,4,0.5555555555555556,9,1.0,8,0.6,5,0.0,0,0.0,0,0
the_stack_python_script_1664.py,0.0,2,0.0,0,0.0,0,0.0,1,0.0,0,0.0,1,0
the_stack_python_script_15398.py,0.0,0,1.0,4,1.0,6,0.5,6,0.0,0,0.0,2,1
the_stack_python_script_14642.py,1.0,2,1.0,4,0.8648648648648649,37,0.0,0,0.0,1,0.0,0,1
the_stack_python_script_12673.py,0.0,0,0.0,0,0.25,8,0.2222222222222222,18,0.0,9,0.0,0,1
the_stack_python_script_19036.py,1.0,2,0.0,0,1.0,4,0.0,3,1.0,1,0.0,0,1
the_stack_python_script_32111.py,0.0,0,0.0,0,0.4,25,0.5,4,0.5,20,0.0,1,1
the_stack_python_script_11144.py,1.0,2,0.8571428571428571,14,0.0,0,0.9,10,0.4666666666666667,15,0.0,0,1
the_stack_python_script_1849.py,0.0,0,0.8571428571428571,7,1.0,15,0.4857142857142857,35,0.0,2,0.0,1,0
the_stack_python_script_32209.py,0.0,0,0.0,0,0.0,0,0.0,0,0.0,0,0.0,1,1
the_stack_python_script_80031.py,0.75,4,1.0,5,1.0,6,0.4444444444444444,9,0.0,1,0.0,0,1
the_stack_python_script_15425.py,0.0,0,0.0,0,0.8823529411764706,17,0.32142857142857145,28,0.2903225806451613,31,0.0,1,1
the_stack_python_script_14661.py,0.0,0,0.8571428571428571,7,0.9523809523809523,21,0.26666666666666666,30,0.21052631578947367,19,0.0,0,1
the_stack_python_script_17434.py,0.0,0,0.0,0,1.0,2,0.4444444444444444,9,0.0,7,0.0,0,1
the_stack_python_script_1588.py,0.0,0,0.0,0,0.75,64,0.32432432432432434,37,0.16666666666666666,12,0.0,0,1
the_stack_python_script_12165.py,0.0,1,0.5,4,0.4,5,0.0,8,0.0,1,0.0,0,1
the_stack_python_script_22221.py,0.0,0,0.5,2,0.6666666666666666,18,0.0,7,0.0,1,0.0,1,1
the_stack_python_script_86192.py,0.0,0,0.0,0,1.0,3,0.14285714285714285,7,0.0,5,0.0,0,1
the_stack_python_script_71255.py,0.0,0,0.4,5,0.7037037037037037,27,0.0,4,0.0,3,0.0,0,1
the_stack_python_script_71390.py,0.0,0,0.0,0,0.0,1,0.0,1,0.0,0,0.0,0,0
the_stack_python_script_47895.py,0.0,0,0.0,2,1.0,7,1.0,3,0.7272727272727273,11,0.0,1,1
the_stack_python_script_16794.py,0.5,2,0.5,4,1.0,7,0.21428571428571427,14,0.2,5,0.0,0,1
the_stack_python_script_79720.py,1.0,3,0.0,0,0.0,0,0.0,0,0.0,1,0.0,0,1
the_stack_python_script_12923.py,0.5,2,0.45454545454545453,11,0.8125,16,0.75,4,0.08695652173913043,23,0.0,3,1
the_stack_python_script_79608.py,1.0,2,0.5,4,0.0,2,0.25,4,0.0,0,0.0,0,0
the_stack_python_script_10151.py,0.0,0,0.25,4,0.9375,16,0.375,24,0.3333333333333333,9,0.5,2,1
the_stack_python_script_18170.py,0.0,0,0.0,0,0.0,0,0.0,0,0.0,1,0.0,0,1
the_stack_python_script_13372.py,1.0,2,0.6923076923076923,13,0.8478260869565217,46,0.47058823529411764,17,0.05555555555555555,18,0.0,0,1
the_stack_python_script_71666.py,0.0,0,0.0,0,0.6875,16,0.21428571428571427,14,0.0,1,0.0,0,1
the_stack_python_script_920.py,0.5,2,1.0,7,0.9166666666666666,12,0.6666666666666666,9,0.125,8,0.0,0,1
the_stack_python_script_92621.py,0.0,0,0.0,0,0.8,15,0.29411764705882354,17,0.5,2,0.0,1,1
the_stack_python_script_71478.py,1.0,1,0.9,10,0.9375,16,0.0,0,0.0,1,0.0,0,1
the_stack_python_script_17229.py,1.0,2,0.6666666666666666,6,1.0,11,0.6666666666666666,15,0.0,0,0.0,3,1
the_stack_python_script_11147.py,0.0,0,1.0,6,0.8571428571428571,14,0.3333333333333333,15,0.0,8,0.0,1,1
the_stack_python_script_92717.py,1.0,1,0.0,0,0.5833333333333334,12,0.1,10,0.0,4,0.0,2,1
the_stack_python_script_14407.py,0.0,2,0.5,4,0.75,4,0.6666666666666666,3,0.6666666666666666,3,0.0,0,1
the_stack_python_script_11573.py,0.0,0,0.47058823529411764,17,0.8461538461538461,13,0.3023255813953488,43,0.0,2,0.0,0,1
the_stack_python_script_86226.py,0.0,0,0.0,0,0.0,0,0.0,0,0.0,0,0.0,1,1
the_stack_python_script_18008.py,0.0,0,0.0,0,0.5,6,0.47058823529411764,17,1.0,1,0.0,0,0
the_stack_python_script_91916.py,0.3333333333333333,3,1.0,3,1.0,4,0.375,8,0.0,1,0.0,1,1
the_stack_python_script_86310.py,0.0,0,0.0,0,1.0,4,0.3333333333333333,3,0.0,1,0.0,0,1
the_stack_python_script_17632.py,1.0,2,0.6,5,0.8333333333333334,24,0.35294117647058826,34,0.0,3,0.0,0,1
the_stack_python_script_15213.py,0.0,2,0.0,0,0.75,4,0.0,1,0.0,0,0.0,3,1
the_stack_python_script_12713.py,1.0,2,0.8571428571428571,7,1.0,2,0.0,2,0.0,0,0.0,1,0
the_stack_python_script_13159.py,1.0,2,0.0,0,0.75,8,0.3333333333333333,12,0.0,1,0.0,0,1
the_stack_python_script_1597.py,1.0,3,0.6,5,0.7142857142857143,7,0.25,8,0.0,2,0.0,1,1
the_stack_python_script_14052.py,0.0,0,0.0,0,0.8333333333333334,6,0.0,8,0.0,1,0.0,0,1
the_stack_python_script_15813.py,1.0,2,0.6,5,0.75,12,0.0,7,0.0,3,0.0,0,1
the_stack_python_script_71384.py,1.0,3,0.3333333333333333,6,1.0,8,0.5,4,0.5333333333333333,15,0.0,0,1
the_stack_python_script_86967.py,0.0,0,0.0,0,0.9375,16,0.06666666666666667,15,0.25,4,0.0,0,1
the_stack_python_script_86835.py,1.0,2,0.0,2,1.0,7,0.4,5,0.0,1,0.0,3,1
the_stack_python_script_9994.py,0.5,2,0.6666666666666666,3,0.7272727272727273,11,0.4909090909090909,55,0.0,1,0.0,2,0
the_stack_python_script_92646.py,0.0,0,0.7142857142857143,14,0.7619047619047619,21,0.38461538461538464,26,0.375,8,0.0,1,1
the_stack_python_script_17085.py,0.0,0,0.0,0,0.85,20,0.4,10,0.0,4,0.0,0,1
the_stack_python_script_14400.py,0.0,0,0.5,10,0.8,30,0.43478260869565216,23,0.0,8,0.2,5,1
the_stack_python_script_12127.py,0.5,2,0.8333333333333334,6,0.9473684210526315,19,1.0,1,0.1111111111111111,9,0.25,4,1
the_stack_python_script_8688.py,0.0,0,0.875,8,1.0,10,0.42857142857142855,7,0.0,3,0.0,0,1
the_stack_python_script_14432.py,0.5,2,0.75,4,0.7142857142857143,7,0.4666666666666667,15,0.35714285714285715,14,0.0,1,1
the_stack_python_script_19002.py,0.0,0,0.0,1,0.0,1,0.0,1,0.0,0,0.0,0,0
the_stack_python_script_13121.py,0.0,0,0.0,0,1.0,3,0.16666666666666666,6,0.2,5,0.0,0,1
the_stack_python_script_30935.py,0.0,0,0.0,0,0.0,0,0.0,1,0.0,0,0.0,1,1
the_stack_python_script_14837.py,0.0,0,0.0,1,1.0,5,0.25,8,0.0,0,0.0,1,0
the_stack_python_script_10389.py,0.5,2,0.75,4,0.8333333333333334,6,0.16666666666666666,6,0.0,0,0.3333333333333333,3,1
the_stack_python_script_32215.py,0.0,0,0.0,0,0.7636363636363637,110,0.08333333333333333,48,0.1111111111111111,9,0.0,0,1
the_stack_python_script_32144.py,0.5,2,0.0,0,0.0,0,0.0,0,0.0,3,0.0,0,1
the_stack_python_script_13956.py,0.0,0,0.0,0,1.0,6,0.0,4,1.0,1,0.0,1,1
the_stack_python_script_43025.py,1.0,1,1.0,2,0.3333333333333333,3,0.5,2,0.08333333333333333,12,0.0,0,1
the_stack_python_script_1499.py,0.0,0,0.0,0,1.0,15,0.26666666666666666,15,0.0,2,0.0,1,1
the_stack_python_script_130.py,0.0,0,0.8571428571428571,21,0.9310344827586207,29,0.5,30,0.0,0,0.0,2,1
the_stack_python_script_14191.py,0.0,1,0.5,2,0.75,4,0.0,0,0.0,0,0.0,0,0
the_stack_python_script_80029.py,0.0,0,0.8461538461538461,13,0.9230769230769231,13,0.631578947368421,19,0.0,4,0.0,3,1
the_stack_python_script_10007.py,0.0,0,1.0,2,0.72,25,0.24242424242424243,33,0.058823529411764705,17,0.0,0,1
the_stack_python_script_15087.py,0.75,4,0.5714285714285714,14,0.5,10,0.0,12,0.0,0,0.0,0,0
the_stack_python_script_19648.py,0.0,0,0.6666666666666666,21,1.0,16,0.14285714285714285,14,0.0,3,0.0,0,1
the_stack_python_script_1634.py,0.0,0,0.0,0,0.8,5,0.42857142857142855,7,0.0,0,0.0,0,0
the_stack_python_script_15139.py,0.0,0,0.8571428571428571,7,0.75,8,0.2857142857142857,7,0.0,3,0.0,0,1
the_stack_python_script_16368.py,0.0,0,1.0,4,1.0,5,0.5,2,0.15384615384615385,13,0.0,0,1
the_stack_python_script_29643.py,1.0,4,1.0,2,0.6666666666666666,3,0.25,4,0.0,0,0.0,0,0
the_stack_python_script_47737.py,0.0,0,0.0,0,1.0,7,0.08333333333333333,12,0.0,0,0.0,0,0
the_stack_python_script_16588.py,1.0,2,0.0,0,1.0,6,0.5,2,0.0,1,0.0,0,1
the_stack_python_script_18366.py,0.0,0,1.0,1,0.9166666666666666,24,0.0,3,0.058823529411764705,17,0.0,0,1
the_stack_python_script_47975.py,0.0,0,0.5,2,0.8,25,0.5,2,0.0,1,0.08333333333333333,12,1
the_stack_python_script_92488.py,1.0,2,0.4,5,0.7692307692307693,13,0.45454545454545453,11,0.0,4,0.0,4,1
the_stack_python_script_16711.py,1.0,2,0.0,2,1.0,9,0.2857142857142857,7,0.0,12,0.0,0,1
the_stack_python_script_16390.py,0.0,0,0.0,0,0.0,0,0.3333333333333333,3,0.0,4,0.0,1,1
the_stack_python_script_92688.py,1.0,1,0.7,10,1.0,10,1.0,1,0.0,0,0.5,8,1
the_stack_python_script_18852.py,0.0,0,0.6666666666666666,3,0.5,2,0.0,0,0.0,0,0.0,0,0
the_stack_python_script_71244.py,1.0,1,1.0,9,0.8823529411764706,17,0.45,20,0.0,1,0.0,0,1
the_stack_python_script_10161.py,0.0,0,0.0,0,1.0,1,0.5,6,0.5,2,0.0,0,1
the_stack_python_script_18358.py,0.0,0,0.0,0,0.0,0,0.0,0,0.0,1,0.0,0,1
the_stack_python_script_1878.py,0.0,0,0.6666666666666666,6,1.0,4,0.0,0,0.0,0,0.0,0,0
the_stack_python_script_16453.py,0.8,5,1.0,1,0.0,0,0.3333333333333333,3,0.0,2,0.0,0,1
the_stack_python_script_79453.py,0.0,0,0.75,4,0.9166666666666666,12,0.16666666666666666,12,0.0,2,0.0,0,1
the_stack_python_script_43068.py,0.0,0,0.5,2,0.9,30,0.3333333333333333,24,0.5,4,0.0,4,1
the_stack_python_script_13837.py,1.0,2,0.6666666666666666,6,0.9523809523809523,21,0.21428571428571427,28,0.1,30,0.0,1,1
the_stack_python_script_47701.py,0.0,0,0.0,0,0.9230769230769231,13,0.19047619047619047,21,0.15384615384615385,13,0.0,0,1
the_stack_python_script_15838.py,1.0,2,0.5909090909090909,22,1.0,12,0.09090909090909091,11,0.35714285714285715,28,0.125,8,1
the_stack_python_script_1663.py,0.0,0,0.0,0,0.0,1,0.0,1,0.0,0,0.0,0,0
the_stack_python_script_79914.py,0.6666666666666666,3,1.0,2,0.5,16,0.2222222222222222,9,0.3181818181818182,22,0.0,1,1
the_stack_python_script_13309.py,0.0,1,1.0,2,1.0,3,0.0,0,0.0,0,0.0,0,0
the_stack_python_script_11709.py,0.0,1,0.75,4,1.0,2,0.0,3,0.0,0,0.0,0,0
the_stack_python_script_16796.py,1.0,2,0.5,4,0.8,5,0.5,4,0.0,0,0.0,0,0
the_stack_python_script_15224.py,1.0,2,0.6666666666666666,6,0.9375,16,0.45454545454545453,11,0.0,20,0.0,0,1
the_stack_python_script_16809.py,0.0,0,0.0,0,1.0,1,0.6666666666666666,3,0.0,1,0.0,1,1
the_stack_python_script_14678.py,0.8,5,0.6666666666666666,3,0.8333333333333334,6,0.6,5,0.6923076923076923,13,0.5,2,1
the_stack_python_script_122.py,1.0,2,0.0,0,1.0,5,0.3333333333333333,3,0.0,2,0.0,0,1
the_stack_python_script_16918.py,0.0,0,0.6,15,0.8571428571428571,21,0.23404255319148937,47,0.02857142857142857,35,0.0,1,1
the_stack_python_script_2511.py,1.0,8,1.0,6,0.9411764705882353,17,0.2,5,0.0,0,0.16666666666666666,6,0
the_stack_python_script_11957.py,1.0,2,0.0,0,0.8571428571428571,7,0.3,10,0.0,1,0.0,0,1
the_stack_python_script_91927.py,0.5,2,0.6666666666666666,6,0.6666666666666666,12,0.0,0,0.0,0,0.0,0,0
the_stack_python_script_17884.py,0.0,0,0.0,0,0.9583333333333334,24,0.16216216216216217,37,0.21951219512195122,82,0.0,0,1
the_stack_python_script_16604.py,0.0,0,0.0,2,0.8571428571428571,21,1.0,1,0.0,0,0.0,1,1
the_stack_python_script_17770.py,0.0,0,0.0,0,1.0,23,0.16,25,0.1111111111111111,9,0.0,0,1
the_stack_python_script_91832.py,0.0,0,0.0,0,0.0,0,0.0,0,1.0,1,0.0,0,1
the_stack_python_script_13300.py,1.0,2,1.0,2,1.0,1,0.5,2,0.0,0,0.0,0,0
the_stack_python_script_9222.py,1.0,2,0.3333333333333333,6,0.8076923076923077,52,0.6,5,0.0,2,0.0,0,1
the_stack_python_script_10155.py,0.0,0,0.0,0,0.8888888888888888,9,0.0,3,0.0,0,0.0,0,0
the_stack_python_script_16306.py,0.0,0,1.0,2,0.8571428571428571,7,0.5,4,0.0,0,0.0,0,0
the_stack_python_script_13544.py,0.0,0,0.0,0,0.0,0,0.0,0,0.0,0,0.5,2,1
the_stack_python_script_92404.py,0.0,0,0.6,5,1.0,12,0.5625,16,0.0,3,0.0,1,1
the_stack_python_script_86748.py,1.0,2,0.6666666666666666,12,0.8,20,0.4074074074074074,27,0.36,25,0.0,3,1
the_stack_python_script_15336.py,0.0,0,0.75,12,0.95,20,0.46153846153846156,26,0.0,3,0.0,1,1
the_stack_python_script_12895.py,0.0,0,0.3333333333333333,9,0.75,12,0.5,4,0.0,17,0.0,2,1
the_stack_python_script_11168.py,0.0,0,0.0,0,1.0,1,0.3333333333333333,3,0.0,0,0.0,1,1
the_stack_python_script_80380.py,0.0,0,1.0,2,1.0,2,0.0,4,0.07692307692307693,13,0.0,0,1
the_stack_python_script_92144.py,0.5,2,0.7142857142857143,7,0.75,4,0.5,6,0.0,3,0.0,1,1
the_stack_python_script_80257.py,0.0,0,0.0,0,0.7142857142857143,7,0.3333333333333333,6,0.0,0,0.0,0,0
the_stack_python_script_80360.py,1.0,1,0.2,5,1.0,4,1.0,1,0.0,0,0.0,1,0
the_stack_python_script_18348.py,0.0,0,0.0,0,0.9411764705882353,17,0.3333333333333333,45,0.0,2,0.0,0,1
the_stack_python_script_11284.py,0.0,0,1.0,2,0.8947368421052632,19,0.625,8,0.16666666666666666,6,0.0,0,1
the_stack_python_script_18204.py,0.0,0,0.0,0,1.0,9,1.0,2,0.0,0,0.0,0,0
the_stack_python_script_14930.py,0.0,0,1.0,3,1.0,7,0.0,2,0.0,0,0.0,0,0
the_stack_python_script_18686.py,0.0,0,0.7407407407407407,27,0.8823529411764706,17,0.5,2,0.0,1,0.0,0,1
the_stack_python_script_16044.py,0.0,0,0.8,5,0.7142857142857143,7,0.0,2,0.0,8,0.0,0,1
the_stack_python_script_10653.py,0.0,0,0.5,8,1.0,10,1.0,1,0.5,2,0.2,5,1
the_stack_python_script_19012.py,0.0,0,0.8333333333333334,6,0.8333333333333334,18,0.2702702702702703,37,0.0,5,0.25,4,1
the_stack_python_script_86980.py,1.0,2,1.0,8,0.9090909090909091,11,0.6666666666666666,3,0.0,0,0.0,1,0
the_stack_python_script_18704.py,1.0,2,1.0,7,0.9166666666666666,12,0.3333333333333333,9,0.0,2,0.0,0,1
the_stack_python_script_16132.py,0.5,2,0.0,0,1.0,3,0.0,0,0.0,0,0.0,0,0
the_stack_python_script_80019.py,1.0,2,1.0,2,0.6666666666666666,3,0.0,2,0.0,8,0.0,0,1
the_stack_python_script_13978.py,0.0,0,0.16666666666666666,6,1.0,5,0.24242424242424243,33,0.0,0,0.0,0,0
the_stack_python_script_15188.py,1.0,2,1.0,2,0.9333333333333333,15,0.1,10,0.0,5,1.0,1,1
the_stack_python_script_19034.py,1.0,3,0.0,0,0.25,4,0.2,5,0.0,0,0.0,0,0
the_stack_python_script_92097.py,1.0,3,1.0,6,1.0,5,0.6363636363636364,11,0.5,4,0.4444444444444444,9,1
the_stack_python_script_12591.py,0.75,4,0.7368421052631579,19,0.8421052631578947,19,0.4166666666666667,12,0.0,1,0.0,0,0
the_stack_python_script_11605.py,0.0,0,1.0,6,0.9642857142857143,28,0.2857142857142857,7,0.13333333333333333,15,0.0,1,1
